Geo_FIPS,Geo_GEOID,Geo_NAME,Geo_QName,Geo_STUSAB,Geo_SUMLEV,Geo_GEOCOMP,Geo_FILEID,Geo_LOGRECNO,Geo_US,Geo_REGION,Geo_DIVISION,Geo_STATECE,Geo_STATE,Geo_COUNTY,Geo_COUSUB,Geo_PLACE,Geo_PLACESE,Geo_TRACT,Geo_BLKGRP,Geo_CONCIT,Geo_AIANHH,Geo_AIANHHFP,Geo_AIHHTLI,Geo_AITSCE,Geo_AITS,Geo_ANRC,Geo_CBSA,Geo_CSA,Geo_METDIV,Geo_MACC,Geo_MEMI,Geo_NECTA,Geo_CNECTA,Geo_NECTADIV,Geo_UA,Geo_UACP,Geo_CDCURR,Geo_SLDU,Geo_SLDL,Geo_VTD,Geo_ZCTA3,Geo_ZCTA5,Geo_SUBMCD,Geo_SDELM,Geo_SDSEC,Geo_SDUNI,Geo_UR,Geo_PCI,Geo_TAZ,Geo_UGA,Geo_BTTR,Geo_BTBG,Geo_PUMA5,Geo_PUMA1,SE_A00001_001,SE_A00002_001,SE_A00002_002,SE_A00002_003,SE_A00003_001,SE_A00003_002,SE_A00003_003,SE_B01001_001,SE_B01001_002,SE_B01001_003,SE_B01001_004,SE_B01001_005,SE_A03001_001,SE_A03001_002,SE_A03001_003,SE_A03001_004,SE_A03001_005,SE_A03001_006,SE_A03001_007,SE_A03001_008,SE_A14001A_001,SE_A14001A_002,SE_A14001A_003,SE_A14001A_004,SE_A14001A_005,SE_A14001A_006,SE_A14001A_007,SE_A14001A_008,SE_A14001A_009,SE_A14001A_010,SE_A14001A_011,SE_A14001A_012,SE_A14001A_013,SE_A14001A_014,SE_A14001A_015,SE_A14001A_016,SE_A14001B_001,SE_A14001B_002,SE_A14001B_003,SE_A14001B_004,SE_A14001B_005,SE_A14001B_006,SE_A14001B_007,SE_A14001B_008,SE_A14001B_009,SE_A14001B_010,SE_A14001B_011,SE_A14001B_012,SE_A14001B_013,SE_A14001B_014,SE_A14001B_015,SE_A14001B_016,SE_A14006_001,SE_A14024_001,SE_A14024I_001,SE_A14024D_001,SE_A14024H_001,SE_A10060_001,SE_A10060_002,SE_A10060_003,SE_A18009_001,SE_B13004_001,SE_B13004_002,SE_B13004_003,SE_B13004_004,SE_B13004_005,SE_A04001_001,SE_A04001_002,SE_A04001_003,SE_A04001_004,SE_A04001_005,SE_A04001_006,SE_A04001_007,SE_A04001_008,SE_A04001_009,SE_A04001_010,SE_A04001_011,SE_A04001_012,SE_A04001_013,SE_A04001_014,SE_A04001_015,SE_A04001_016,SE_A04001_017,SE_A14001_001,SE_A14001_002,SE_A14001_003,SE_A14001_004,SE_A14001_005,SE_A14001_006,SE_A14001_007,SE_A14001_008,SE_A14001_009,SE_A14001_010,SE_A14001_011,SE_A14001_012,SE_A14001_013,SE_A14001_014,SE_A14001_015,SE_A14001_016,SE_A14001_017
250173531021,15000US250173531021,"Block Group 1, Census Tract 3531.02, Middlesex County, Massachusetts","Block Group 1, Census Tract 3531.02, Middlesex County, Massachusetts",ma,150,00,ACSSF,0006667,,,,,25,017,,,,353102,1,,,,,,,,,,,,,,,,,,,,,,,,,,,,,,,,,,,,1261,1261,8864.43,0.1422539409449,0.2478849,0.1422539,0.105631,1261,65,1159,37,0,1261,551,16,0,656,0,15,23,166,6,8,11,23,57,67,76,87,92,92,140,159,159,165,166,166,160,158,155,142,109,98,90,79,74,74,26,7,7,1,0,43198,19971.170411985,16055.8895131086,24832.893258427,1626.38576779026,166,0,166,1425,412,62,206,268,144,1261,1207,535,16,0,656,0,0,0,54,16,0,0,0,0,15,23,166,6,2,3,12,34,10,8,11,5,0,48,19,0,6,1,0
250173531022,15000US250173531022,"Block Group 2, Census Tract 3531.02, Middlesex County, Massachusetts","Block Group 2, Census Tract 3531.02, Middlesex County, Massachusetts",ma,150,00,ACSSF,0006668,,,,,25,017,,,,353102,2,,,,,,,,,,,,,,,,,,,,,,,,,,,,,,,,,,,,1136,1136,6427.05,0.176752942484676,0.342575,0.1767529,0.165822,1136,101,800,181,54,1136,652,4,0,480,0,0,0,507,29,40,49,64,100,133,148,148,148,164,232,334,341,383,444,507,478,467,458,442,407,374,359,359,359,342,274,172,166,124,62,80634,48810.2528089888,70905.936329588,22707.1348314607,5277.65917602996,507,0,507,2205,966,69,222,291,675,1136,1110,626,4,0,480,0,0,0,26,26,0,0,0,0,0,0,507,29,11,9,15,35,33,15,0,0,16,68,102,6,42,62,63
250173531023,15000US250173531023,"Block Group 3, Census Tract 3531.02, Middlesex County, Massachusetts","Block Group 3, Census Tract 3531.02, Middlesex County, Massachusetts",ma,150,00,ACSSF,0006669,,,,,25,017,,,,353102,3,,,,,,,,,,,,,,,,,,,,,,,,,,,,,,,,,,,,551,551,19826.66,0.0277908623514858,0.02779086,0.02779086,0,551,11,532,8,0,551,233,0,0,263,0,33,22,0,0,0,0,0,0,0,0,0,0,0,0,0,0,0,0,0,0,0,0,0,0,0,0,0,0,0,0,0,0,0,0,,12283.8202247191,10028.5486891386,13118.1835205993,14245.1966292135,0,0,0,,0,0,0,0,0,551,449,186,0,0,263,0,0,0,102,47,0,0,0,0,33,22,0,0,0,0,0,0,0,0,0,0,0,0,0,0,0,0,0
250173532001,15000US250173532001,"Block Group 1, Census Tract 3532, Middlesex County, Massachusetts","Block Group 1, Census Tract 3532, Middlesex County, Massachusetts",ma,150,00,ACSSF,0006670,,,,,25,017,,,,353200,1,,,,,,,,,,,,,,,,,,,,,,,,,,,,,,,,,,,,1669,1669,20670.37,0.0807436173449452,0.08074362,0.08074362,0,1669,250,899,417,103,1669,839,347,0,209,0,154,120,815,71,92,99,112,135,145,183,247,302,363,438,585,667,691,725,815,743,723,715,702,679,670,631,567,513,452,375,229,147,123,89,70704,46483.9981273408,74100.1779026217,29928.7359550562,24758.1741573034,815,151,664,2309,1669,389,177,566,1103,1669,1475,798,347,0,209,0,9,112,194,41,0,0,0,0,145,8,815,71,21,8,13,23,10,38,64,54,62,75,147,82,24,34,90
250173532002,15000US250173532002,"Block Group 2, Census Tract 3532, Middlesex County, Massachusetts","Block Group 2, Census Tract 3532, Middlesex County, Massachusetts",ma,150,00,ACSSF,0006671,,,,,25,017,,,,353200,2,,,,,,,,,,,,,,,,,,,,,,,,,,,,,,,,,,,,725,725,12465.75,0.05815934282321,0.05815934,0.05815934,0,725,55,251,318,101,725,433,168,0,104,0,0,20,426,14,22,37,67,87,96,126,164,165,199,229,261,322,361,377,426,411,403,389,359,339,330,300,262,261,227,197,164,103,65,49,66120,57229.8501872659,49635.8988764045,110541.928838951,35445.4962546816,426,177,249,1635,725,38,132,170,555,725,701,409,168,0,104,0,0,20,24,24,0,0,0,0,0,0,426,14,8,15,30,20,8,30,38,0,34,30,32,61,38,16,49
250173532003,15000US250173532003,"Block Group 3, Census Tract 3532, Middlesex County, Massachusetts","Block Group 3, Census Tract 3532, Middlesex County, Massachusetts",ma,150,00,ACSSF,0006672,,,,,25,017,,,,353200,3,,,,,,,,,,,,,,,,,,,,,,,,,,,,,,,,,,,,1258,1258,21097.58,0.0596276893946999,0.06067364,0.05962769,0.001045951,1258,211,657,316,74,1258,1074,10,6,107,0,0,61,482,6,8,8,8,8,8,16,30,40,97,131,205,282,314,406,482,476,474,474,474,474,474,465,452,442,385,351,276,199,167,75,105506,50150.2153558052,54501.3576779026,31705.8052434457,30047.0411985019,482,246,236,1958,1150,40,100,140,1010,1258,1222,1065,10,6,107,0,0,34,36,9,0,0,0,0,0,27,482,6,2,0,0,0,0,8,14,9,58,34,74,78,32,92,76
250173533001,15000US250173533001,"Block Group 1, Census Tract 3533, Middlesex County, Massachusetts","Block Group 1, Census Tract 3533, Middlesex County, Massachusetts",ma,150,00,ACSSF,0006673,,,,,25,017,,,,353300,1,,,,,,,,,,,,,,,,,,,,,,,,,,,,,,,,,,,,1420,1420,39706.59,0.0357623278563453,0.03576233,0.03576233,0,1420,121,428,680,191,1420,1143,31,0,159,0,50,37,500,18,23,25,34,34,34,42,59,77,83,94,117,175,227,390,500,481,477,475,466,466,466,457,441,423,417,406,382,325,272,110,157221,59411.6479400749,62624.5692883895,59725.468164794,,500,243,257,2314,1420,165,88,253,1167,1420,1372,1124,31,0,159,0,21,37,48,19,0,0,0,0,29,0,500,18,5,2,9,0,0,8,17,18,6,11,23,58,53,162,110
250173533002,15000US250173533002,"Block Group 2, Census Tract 3533, Middlesex County, Massachusetts","Block Group 2, Census Tract 3533, Middlesex County, Massachusetts",ma,150,00,ACSSF,0006674,,,,,25,017,,,,353300,2,,,,,,,,,,,,,,,,,,,,,,,,,,,,,,,,,,,,1725,1725,35093.04,0.0491550540002502,0.04915505,0.04915505,0,1725,150,850,698,27,1725,1076,155,0,131,0,240,123,745,36,49,58,64,72,88,110,137,161,210,286,368,409,486,609,745,709,695,687,681,673,657,634,608,584,535,459,377,335,258,135,103380,55493.8764044944,62899.7846441948,78676.7228464419,34929.9344569288,745,255,490,1838,1725,214,165,379,1346,1725,1442,1044,144,0,131,0,11,112,283,32,11,0,0,0,229,11,745,36,13,8,6,8,16,23,26,24,50,76,82,41,77,123,136
250173533003,15000US250173533003,"Block Group 3, Census Tract 3533, Middlesex County, Massachusetts","Block Group 3, Census Tract 3533, Middlesex County, Massachusetts",ma,150,00,ACSSF,0006675,,,,,25,017,,,,353300,3,,,,,,,,,,,,,,,,,,,,,,,,,,,,,,,,,,,,1224,1224,12439.02,0.0984000698072732,0.1177994,0.09840007,0.01939932,1224,194,435,490,105,1224,1149,38,0,10,0,10,17,612,0,9,25,38,85,118,137,145,145,170,255,330,407,458,499,612,612,603,587,574,527,494,475,467,466,441,357,281,205,154,112,92154,58095.3464419476,56523.7546816479,,61863.6797752809,612,227,385,1665,1224,31,173,204,1020,1224,1141,1114,0,0,10,0,0,17,83,35,38,0,0,0,10,0,612,0,9,16,12,47,33,19,8,0,25,84,76,76,51,41,113
250173534001,15000US250173534001,"Block Group 1, Census Tract 3534, Middlesex County, Massachusetts","Block Group 1, Census Tract 3534, Middlesex County, Massachusetts",ma,150,00,ACSSF,0006676,,,,,25,017,,,,353400,1,,,,,,,,,,,,,,,,,,,,,,,,,,,,,,,,,,,,1603,1603,26072.29,0.0614829103455306,0.06937793,0.06148291,0.007895017,1603,193,864,442,104,1603,881,263,86,317,0,0,56,644,42,74,106,106,131,137,141,154,185,257,330,385,438,507,558,644,601,569,538,537,513,507,503,489,458,387,313,258,205,136,85,69342,41177.6966292135,51848.829588015,25690.9176029963,20553.9794007491,644,205,439,1824,1603,263,242,505,1098,1603,1493,857,263,0,317,0,0,56,110,24,0,86,0,0,0,0,644,42,32,32,0,25,6,4,13,30,73,73,54,53,70,51,86
250173534002,15000US250173534002,"Block Group 2, Census Tract 3534, Middlesex County, Massachusetts","Block Group 2, Census Tract 3534, Middlesex County, Massachusetts",ma,150,00,ACSSF,0006677,,,,,25,017,,,,353400,2,,,,,,,,,,,,,,,,,,,,,,,,,,,,,,,,,,,,1430,1430,27688.19,0.0516465713354656,0.05989989,0.05164657,0.00825332,1430,397,336,614,83,1430,605,600,12,151,0,7,55,676,37,67,117,184,203,224,260,299,310,390,437,513,550,558,584,676,639,608,558,492,472,452,415,376,365,286,239,163,126,118,91,52037,50192.5561797753,89761.3014981273,37266.1516853933,23374.6254681648,676,205,471,1197,1430,369,361,730,700,1430,1357,557,593,12,140,0,0,55,73,48,7,0,11,0,7,0,676,37,30,50,67,19,20,36,40,10,80,47,76,37,8,26,92
250173535001,15000US250173535001,"Block Group 1, Census Tract 3535, Middlesex County, Massachusetts","Block Group 1, Census Tract 3535, Middlesex County, Massachusetts",ma,150,00,ACSSF,0006678,,,,,25,017,,,,353500,1,,,,,,,,,,,,,,,,,,,,,,,,,,,,,,,,,,,,1049,1049,35611.36,0.029456893236571,0.02945689,0.02945689,0,1049,64,422,455,108,1049,788,119,0,126,0,10,6,633,25,59,114,166,190,198,200,204,219,268,314,393,468,505,534,633,608,574,518,466,442,434,433,429,414,365,319,239,164,127,99,75627,69654.3913857678,73797.5655430712,90164.7846441948,77227.1722846442,633,216,417,2046,1049,160,96,256,793,1049,952,701,119,0,126,0,0,6,97,87,0,0,0,0,10,0,633,25,34,55,52,24,8,2,4,14,49,46,79,76,37,29,99
250173535002,15000US250173535002,"Block Group 2, Census Tract 3535, Middlesex County, Massachusetts","Block Group 2, Census Tract 3535, Middlesex County, Massachusetts",ma,150,00,ACSSF,0006679,,,,,25,017,,,,353500,2,,,,,,,,,,,,,,,,,,,,,,,,,,,,,,,,,,,,1768,1768,34590.3,0.0511125920274534,0.05111259,0.05111259,0,1768,420,720,490,138,1768,816,591,0,108,0,30,223,675,45,61,75,100,109,143,195,241,241,251,303,369,453,513,576,675,630,614,600,575,566,532,479,434,434,424,371,305,222,162,98,85324,41208.829588015,75351.7228464419,18641.170411985,32461.7134831461,675,278,397,1562,1759,606,294,900,859,1768,1704,762,591,0,108,0,20,223,64,54,0,0,0,0,10,0,675,45,16,14,25,9,34,53,46,0,10,52,66,84,60,63,99
250173537001,15000US250173537001,"Block Group 1, Census Tract 3537, Middlesex County, Massachusetts","Block Group 1, Census Tract 3537, Middlesex County, Massachusetts",ma,150,00,ACSSF,0006685,,,,,25,017,,,,353700,1,,,,,,,,,,,,,,,,,,,,,,,,,,,,,,,,,,,,1270,1270,26343.36,0.0482094897736978,0.04820949,0.04820949,0,1270,96,618,397,159,1270,1048,102,0,106,0,0,14,704,35,52,73,111,138,163,190,213,214,268,341,441,528,569,632,704,668,652,630,592,566,541,513,491,490,436,362,262,176,134,72,81146,60289.5973782772,70280.7865168539,25159.1666666667,17987.3782771536,704,219,485,1682,1254,144,152,296,958,1270,1103,983,0,0,106,0,0,14,167,65,102,0,0,0,0,0,704,35,16,21,38,26,25,28,23,0,54,73,100,87,42,63,72
250173537002,15000US250173537002,"Block Group 2, Census Tract 3537, Middlesex County, Massachusetts","Block Group 2, Census Tract 3537, Middlesex County, Massachusetts",ma,150,00,ACSSF,0006686,,,,,25,017,,,,353700,2,,,,,,,,,,,,,,,,,,,,,,,,,,,,,,,,,,,,1623,1623,28511.02,0.0569253602719395,0.05692536,0.05692536,0,1623,151,843,534,95,1623,1279,97,0,223,0,0,24,714,70,111,153,177,198,218,230,241,269,316,388,436,462,513,634,714,643,602,561,536,516,496,484,473,444,397,325,278,252,201,79,67361,48304.6535580524,54816.4232209738,32753.1179775281,35232.5468164794,714,221,493,1811,1623,435,166,601,1022,1623,1574,1230,97,0,223,0,0,24,49,49,0,0,0,0,0,0,714,70,41,41,25,21,20,12,11,28,47,72,47,26,51,121,80
250173537003,15000US250173537003,"Block Group 3, Census Tract 3537, Middlesex County, Massachusetts","Block Group 3, Census Tract 3537, Middlesex County, Massachusetts",ma,150,00,ACSSF,0006687,,,,,25,017,,,,353700,3,,,,,,,,,,,,,,,,,,,,,,,,,,,,,,,,,,,,0,0,0,0.0477202983179845,0.0477203,0.0477203,0,0,0,0,0,0,0,0,0,0,0,0,0,0,0,0,0,0,0,0,0,0,0,0,0,0,0,0,0,0,0,0,0,0,0,0,0,0,0,0,0,0,0,0,0,0,,,,,,0,0,0,,0,0,0,0,0,0,0,0,0,0,0,0,0,0,0,0,0,0,0,0,0,0,0,0,0,0,0,0,0,0,0,0,0,0,0,0,0,0,0
250173537004,15000US250173537004,"Block Group 4, Census Tract 3537, Middlesex County, Massachusetts","Block Group 4, Census Tract 3537, Middlesex County, Massachusetts",ma,150,00,ACSSF,0006688,,,,,25,017,,,,353700,4,,,,,,,,,,,,,,,,,,,,,,,,,,,,,,,,,,,,2364,2364,116950.9,0.0202136071672919,0.02021361,0.02021361,0,2364,153,2150,61,0,2364,1732,115,0,401,0,35,81,145,46,58,58,58,66,68,68,68,69,89,108,118,118,129,132,145,98,87,87,87,79,77,77,77,76,56,37,27,27,16,13,51214,8456.95692883895,11217.8277153558,4297.5936329588,3946.4138576779,145,0,145,1786,239,88,15,103,136,2364,2064,1485,115,0,401,0,0,63,300,247,0,0,0,0,35,18,145,46,12,0,0,8,2,0,0,0,21,19,10,0,11,3,13
250173537005,15000US250173537005,"Block Group 5, Census Tract 3537, Middlesex County, Massachusetts","Block Group 5, Census Tract 3537, Middlesex County, Massachusetts",ma,150,00,ACSSF,0006689,,,,,25,017,,,,353700,5,,,,,,,,,,,,,,,,,,,,,,,,,,,,,,,,,,,,438,438,11215.39,0.0390534627959666,0.03905346,0.03905346,0,438,10,267,120,41,438,277,43,31,68,0,0,19,339,94,118,120,128,128,128,134,143,144,186,221,247,290,298,329,339,243,221,219,211,211,211,205,196,195,152,118,92,49,41,10,59856,66851.1797752809,81308.0805243446,61791.4513108614,63201.1516853933,339,63,276,1974,438,146,30,176,262,438,387,257,43,0,68,0,0,19,51,20,0,31,0,0,0,0,339,94,24,2,8,0,0,6,9,0,43,35,25,44,8,31,10
250173539001,15000US250173539001,"Block Group 1, Census Tract 3539, Middlesex County, Massachusetts","Block Group 1, Census Tract 3539, Middlesex County, Massachusetts",ma,150,00,ACSSF,0006694,,,,,25,017,,,,353900,1,,,,,,,,,,,,,,,,,,,,,,,,,,,,,,,,,,,,1285,1285,32845.16,0.039122961187465,0.03912296,0.03912296,0,1285,12,964,132,177,1285,866,98,0,240,0,15,66,369,34,57,91,134,161,167,172,181,190,220,251,260,273,289,303,369,334,311,278,234,208,202,197,188,179,149,118,109,96,80,66,48412,35664.6722846442,46752.9868913858,18860.3464419476,7804.41011235955,369,75,294,1712,564,96,114,210,354,1285,1230,835,98,0,240,0,0,57,55,31,0,0,0,0,15,9,369,34,23,33,44,26,6,5,9,8,30,31,9,14,16,14,66
250173539002,15000US250173539002,"Block Group 2, Census Tract 3539, Middlesex County, Massachusetts","Block Group 2, Census Tract 3539, Middlesex County, Massachusetts",ma,150,00,ACSSF,0006695,,,,,25,017,,,,353900,2,,,,,,,,,,,,,,,,,,,,,,,,,,,,,,,,,,,,1801,1801,41595.94,0.0432974979034652,0.06949839,0.0432975,0.02620089,1801,272,1161,348,20,1801,952,133,0,644,0,8,64,936,168,228,263,288,370,406,431,454,466,554,698,762,820,856,910,936,766,707,673,647,565,530,505,482,469,382,237,174,115,79,25,49996,30956.1235955056,36738.1367041199,24633.6423220974,23212.734082397,936,127,809,1834,1801,476,406,882,919,1801,1665,824,133,0,644,0,0,64,136,128,0,0,0,0,8,0,936,168,60,34,26,82,36,25,23,12,89,144,63,59,36,54,26
250173539003,15000US250173539003,"Block Group 3, Census Tract 3539, Middlesex County, Massachusetts","Block Group 3, Census Tract 3539, Middlesex County, Massachusetts",ma,150,00,ACSSF,0006696,,,,,25,017,,,,353900,3,,,,,,,,,,,,,,,,,,,,,,,,,,,,,,,,,,,,292,292,6892.849,0.0423627445378125,0.04236275,0.04236275,0,292,0,281,11,0,292,191,32,0,43,0,0,26,55,27,34,34,34,34,34,39,45,45,55,55,55,55,55,55,55,27,21,21,21,21,21,16,10,10,0,0,0,0,0,0,7501,8364.80337078652,7204.16666666667,1760.88014981273,13622.5374531835,55,11,44,905,67,45,0,45,22,292,236,161,32,0,43,0,0,0,56,30,0,0,0,0,0,26,55,27,7,0,0,0,0,5,6,0,10,0,0,0,0,0,0
250173540001,15000US250173540001,"Block Group 1, Census Tract 3540, Middlesex County, Massachusetts","Block Group 1, Census Tract 3540, Middlesex County, Massachusetts",ma,150,00,ACSSF,0006697,,,,,25,017,,,,354000,1,,,,,,,,,,,,,,,,,,,,,,,,,,,,,,,,,,,,1165,1165,25026.43,0.0465507948299374,0.0465508,0.0465508,0,1165,143,328,561,133,1165,851,0,0,221,0,57,36,650,61,98,131,131,147,151,151,160,190,204,223,334,371,413,430,650,588,551,519,519,503,499,499,490,459,446,426,315,279,237,220,96512,118322.677902622,140190.468164794,99381.3857677903,17500.4588014981,650,423,227,1677,1165,88,55,143,1022,1165,1072,815,0,0,221,0,0,36,93,36,0,0,0,0,57,0,650,61,37,33,0,16,4,0,9,31,14,19,111,36,42,17,220
250173540002,15000US250173540002,"Block Group 2, Census Tract 3540, Middlesex County, Massachusetts","Block Group 2, Census Tract 3540, Middlesex County, Massachusetts",ma,150,00,ACSSF,0006698,,,,,25,017,,,,354000,2,,,,,,,,,,,,,,,,,,,,,,,,,,,,,,,,,,,,1436,1436,23119.14,0.0621130290951155,0.06211303,0.06211303,0,1436,46,985,298,107,1436,1146,42,0,184,0,15,49,677,59,83,100,116,134,151,189,231,232,273,360,462,494,545,582,677,617,594,577,561,543,526,487,446,445,403,316,214,183,132,95,72592,62146.3670411985,75285.7209737828,28262.5,18439.4288389513,677,207,470,1849,1102,164,121,285,817,1436,1381,1097,36,0,184,0,15,49,55,49,6,0,0,0,0,0,677,59,24,17,16,18,17,38,42,1,42,86,102,31,51,37,95
250173540003,15000US250173540003,"Block Group 3, Census Tract 3540, Middlesex County, Massachusetts","Block Group 3, Census Tract 3540, Middlesex County, Massachusetts",ma,150,00,ACSSF,0006699,,,,,25,017,,,,354000,3,,,,,,,,,,,,,,,,,,,,,,,,,,,,,,,,,,,,992,992,13724.58,0.0722790993626225,0.0722791,0.0722791,0,992,51,445,288,208,992,674,52,0,253,0,0,13,729,108,148,178,221,240,250,254,264,299,345,376,447,510,578,607,729,620,581,550,508,489,479,475,465,430,384,353,281,218,150,121,71464,73513.6329588015,70908.4269662921,87829.8127340824,94900.7303370787,729,142,587,2030,992,187,73,260,732,992,944,626,52,0,253,0,0,13,48,48,0,0,0,0,0,0,729,108,40,31,43,18,11,4,10,35,46,31,72,62,68,29,122
250173541001,15000US250173541001,"Block Group 1, Census Tract 3541, Middlesex County, Massachusetts","Block Group 1, Census Tract 3541, Middlesex County, Massachusetts",ma,150,00,ACSSF,0006700,,,,,25,017,,,,354100,1,,,,,,,,,,,,,,,,,,,,,,,,,,,,,,,,,,,,252,252,20087.93,0.0125448457676252,0.01254485,0.01254485,0,252,0,110,87,55,252,252,0,0,0,0,0,0,190,0,0,2,11,11,11,11,13,23,52,100,132,132,151,169,190,190,190,188,179,179,179,179,176,167,138,89,58,58,38,21,68072,77697.9026217229,77697.9026217229,,,190,129,61,2047,252,0,21,21,231,252,252,252,0,0,0,0,0,0,0,0,0,0,0,0,0,0,190,0,0,2,9,0,0,0,2,9,29,48,32,0,19,18,21
250173541002,15000US250173541002,"Block Group 2, Census Tract 3541, Middlesex County, Massachusetts","Block Group 2, Census Tract 3541, Middlesex County, Massachusetts",ma,150,00,ACSSF,0006701,,,,,25,017,,,,354100,2,,,,,,,,,,,,,,,,,,,,,,,,,,,,,,,,,,,,641,641,9748.174,0.0657559031161534,0.08571314,0.0657559,0.01995724,641,63,97,234,247,641,560,0,0,12,0,23,46,320,9,11,11,11,11,17,26,35,44,58,78,114,131,141,186,320,311,309,309,309,309,303,294,285,276,262,241,206,189,179,133,181349,114637.780898876,124794.597378277,,19418.2490636704,320,228,92,2259,641,11,22,33,608,641,572,560,0,0,12,0,0,0,69,0,0,0,0,0,23,46,320,9,2,0,0,0,6,8,9,9,14,20,35,18,10,46,134
250173541003,15000US250173541003,"Block Group 3, Census Tract 3541, Middlesex County, Massachusetts","Block Group 3, Census Tract 3541, Middlesex County, Massachusetts",ma,150,00,ACSSF,0006702,,,,,25,017,,,,354100,3,,,,,,,,,,,,,,,,,,,,,,,,,,,,,,,,,,,,1287,1287,16904.76,0.0761323990690304,0.0761324,0.0761324,0,1287,57,791,316,123,1287,1038,78,7,121,0,0,43,643,63,79,88,124,142,160,173,179,180,213,311,469,496,519,563,643,579,564,554,519,501,483,470,464,463,430,331,174,146,123,80,77713,52031.8913857678,64400.393258427,25260.0374531835,12885.308988764,643,139,504,1975,1081,124,92,216,865,1287,1171,943,78,7,121,0,0,22,116,95,0,0,0,0,0,21,643,63,16,9,36,18,18,13,6,1,33,98,159,27,23,43,80
250173541004,15000US250173541004,"Block Group 4, Census Tract 3541, Middlesex County, Massachusetts","Block Group 4, Census Tract 3541, Middlesex County, Massachusetts",ma,150,00,ACSSF,0006703,,,,,25,017,,,,354100,4,,,,,,,,,,,,,,,,,,,,,,,,,,,,,,,,,,,,961,961,13275.54,0.0723887523803199,0.07238875,0.07238875,0,961,72,399,260,230,961,641,118,0,125,0,62,15,489,75,94,99,118,128,137,147,153,154,186,190,238,255,289,323,489,413,395,390,371,361,351,342,336,335,303,298,250,233,200,165,102597,164731.956928839,218260.720973783,24897.6498127341,180197.565543071,489,284,205,1793,961,284,58,342,619,961,848,608,104,0,125,0,11,0,113,33,14,0,0,0,51,15,489,75,19,5,19,10,10,9,6,0,32,5,48,17,34,34,166
250173703001,15000US250173703001,"Block Group 1, Census Tract 3703, Middlesex County, Massachusetts","Block Group 1, Census Tract 3703, Middlesex County, Massachusetts",ma,150,00,ACSSF,0006969,,,,,25,017,,,,370300,1,,,,,,,,,,,,,,,,,,,,,,,,,,,,,,,,,,,,279,279,956.9872,0.291539960802907,0.2942836,0.29154,0.002743642,279,34,32,213,0,279,181,0,0,83,0,15,0,137,0,0,0,0,0,0,0,0,0,15,15,25,61,96,124,137,137,137,137,137,137,137,137,137,136,122,122,112,75,41,13,146868,64212.3501872659,76590.8146067416,44163.9700374532,,137,34,103,1746,279,0,31,31,248,279,264,181,0,0,83,0,0,0,15,0,0,0,0,0,15,0,137,0,0,0,0,0,0,0,0,0,15,0,10,37,34,28,13
250173703002,15000US250173703002,"Block Group 2, Census Tract 3703, Middlesex County, Massachusetts","Block Group 2, Census Tract 3703, Middlesex County, Massachusetts",ma,150,00,ACSSF,0006970,,,,,25,017,,,,370300,2,,,,,,,,,,,,,,,,,,,,,,,,,,,,,,,,,,,,1467,1467,3228.544,0.45438434463789,0.4818806,0.4543844,0.02749627,1467,56,193,666,552,1467,1324,45,0,7,0,29,62,817,70,107,138,150,165,177,197,219,231,253,354,476,583,619,738,817,746,710,679,667,652,640,620,598,586,564,462,339,233,197,79,85201,58549.8876404494,58486.3764044944,,,817,423,394,852,1300,150,140,290,1010,1467,1423,1309,45,0,7,0,0,62,44,15,0,0,0,0,29,0,817,70,36,31,12,14,13,20,22,11,23,101,122,107,36,118,79
250173703003,15000US250173703003,"Block Group 3, Census Tract 3703, Middlesex County, Massachusetts","Block Group 3, Census Tract 3703, Middlesex County, Massachusetts",ma,150,00,ACSSF,0006971,,,,,25,017,,,,370300,3,,,,,,,,,,,,,,,,,,,,,,,,,,,,,,,,,,,,752,752,7208.684,0.104318630047707,0.1043186,0.1043186,0,752,171,187,394,0,752,442,45,0,169,0,96,0,278,0,0,6,27,64,82,96,108,108,135,191,209,223,244,278,278,278,278,272,250,213,196,182,170,170,142,87,69,54,34,0,60567,26881.4419475655,33494.0823970037,21027.2003745318,19395.8333333333,278,51,227,1243,752,94,302,396,356,752,692,382,45,0,169,0,96,0,60,60,0,0,0,0,0,0,278,0,0,6,22,37,17,14,12,0,27,56,18,14,21,34,0
250173703004,15000US250173703004,"Block Group 4, Census Tract 3703, Middlesex County, Massachusetts","Block Group 4, Census Tract 3703, Middlesex County, Massachusetts",ma,150,00,ACSSF,0006972,,,,,25,017,,,,370300,4,,,,,,,,,,,,,,,,,,,,,,,,,,,,,,,,,,,,1261,1261,17954.88,0.0702315995286465,0.0702316,0.0702316,0,1261,172,410,417,262,1261,1230,0,0,31,0,0,0,553,55,69,69,70,128,154,185,220,235,267,327,373,470,507,546,553,497,484,484,483,424,398,368,333,318,285,226,179,82,45,7,62606,32174.0449438202,32910.0280898876,,8102.04119850187,553,224,329,1816,1261,69,332,401,860,1261,1184,1153,0,0,31,0,0,0,77,77,0,0,0,0,0,0,553,55,14,0,1,58,26,30,35,15,33,60,46,98,37,39,7
250173703005,15000US250173703005,"Block Group 5, Census Tract 3703, Middlesex County, Massachusetts","Block Group 5, Census Tract 3703, Middlesex County, Massachusetts",ma,150,00,ACSSF,0006973,,,,,25,017,,,,370300,5,,,,,,,,,,,,,,,,,,,,,,,,,,,,,,,,,,,,497,497,7697.189,0.0645690250302318,0.06456903,0.06456903,0,497,28,132,92,245,497,497,0,0,0,0,0,0,259,42,53,53,53,68,83,89,96,123,140,141,205,219,230,232,259,216,206,206,206,190,176,170,162,136,119,118,54,40,29,27,54224,44131.5917602996,44131.5917602996,,,259,200,59,2091,497,106,52,158,339,497,497,497,0,0,0,0,0,0,0,0,0,0,0,0,0,0,259,42,11,0,0,15,14,6,7,26,18,1,64,14,10,2,27
250173703006,15000US250173703006,"Block Group 6, Census Tract 3703, Middlesex County, Massachusetts","Block Group 6, Census Tract 3703, Middlesex County, Massachusetts",ma,150,00,ACSSF,0006974,,,,,25,017,,,,370300,6,,,,,,,,,,,,,,,,,,,,,,,,,,,,,,,,,,,,452,452,7717.953,0.0585647501069503,0.05856475,0.05856475,0,452,12,101,200,139,452,333,42,0,24,0,0,53,241,11,14,18,31,46,73,94,102,102,118,118,165,208,223,241,241,230,227,223,210,195,167,147,139,138,123,122,75,33,17,0,84708,40719.4194756554,49630.9176029963,22918.8389513109,,241,68,173,2042,452,25,171,196,256,452,438,333,42,0,24,0,0,39,14,0,0,0,0,0,0,14,241,11,3,4,14,14,28,21,8,0,16,0,47,43,15,18,0
250173703007,15000US250173703007,"Block Group 7, Census Tract 3703, Middlesex County, Massachusetts","Block Group 7, Census Tract 3703, Middlesex County, Massachusetts",ma,150,00,ACSSF,0006975,,,,,25,017,,,,370300,7,,,,,,,,,,,,,,,,,,,,,,,,,,,,,,,,,,,,889,889,15328.64,0.0579960216031889,0.05799602,0.05799602,0,889,131,373,290,95,889,869,20,0,0,0,0,0,402,10,21,36,52,52,64,72,72,73,99,127,177,231,252,312,402,391,381,366,350,350,337,330,330,329,303,274,224,170,150,89,119239,57065.468164794,55587.2752808989,,,402,124,278,2151,889,121,62,183,706,889,889,869,20,0,0,0,0,0,0,0,0,0,0,0,0,0,402,10,10,16,16,0,12,8,0,1,26,28,50,54,21,60,90
250173704001,15000US250173704001,"Block Group 1, Census Tract 3704, Middlesex County, Massachusetts","Block Group 1, Census Tract 3704, Middlesex County, Massachusetts",ma,150,00,ACSSF,0006976,,,,,25,017,,,,370400,1,,,,,,,,,,,,,,,,,,,,,,,,,,,,,,,,,,,,813,813,10913.21,0.0744968702557695,0.07449687,0.07449687,0,813,136,242,309,126,813,800,0,4,6,0,0,3,375,0,8,26,44,53,55,55,58,69,88,124,173,240,272,335,375,375,366,349,331,322,320,320,317,305,287,250,201,134,102,40,114258,59892.34082397,58665.702247191,,,375,145,230,1960,813,36,33,69,744,813,808,795,0,4,6,0,0,3,5,5,0,0,0,0,0,0,375,0,8,17,18,9,2,0,3,11,18,37,49,68,32,63,40
250173704002,15000US250173704002,"Block Group 2, Census Tract 3704, Middlesex County, Massachusetts","Block Group 2, Census Tract 3704, Middlesex County, Massachusetts",ma,150,00,ACSSF,0006977,,,,,25,017,,,,370400,2,,,,,,,,,,,,,,,,,,,,,,,,,,,,,,,,,,,,1423,1423,8867.368,0.16047603309359,0.160476,0.160476,0,1423,269,467,548,139,1423,1062,18,0,211,0,77,55,619,11,14,22,53,53,68,97,125,125,133,155,302,359,496,580,619,608,605,596,566,566,551,521,494,494,486,462,316,259,121,39,99994,50639.6254681648,52826.404494382,33845.2621722846,45002.0692883895,619,311,308,1639,1404,14,92,106,1298,1423,1246,1032,0,0,159,0,0,55,177,30,18,0,52,0,77,0,619,11,3,8,31,0,15,29,28,0,8,23,147,56,138,84,39
250173704003,15000US250173704003,"Block Group 3, Census Tract 3704, Middlesex County, Massachusetts","Block Group 3, Census Tract 3704, Middlesex County, Massachusetts",ma,150,00,ACSSF,0006978,,,,,25,017,,,,370400,3,,,,,,,,,,,,,,,,,,,,,,,,,,,,,,,,,,,,350,350,6196.821,0.0564805705663501,0.05648057,0.05648057,0,350,0,237,102,11,350,350,0,0,0,0,0,0,171,0,0,0,0,31,38,38,38,38,38,38,57,93,112,119,171,171,171,171,170,140,133,133,133,133,133,133,113,78,58,52,99106,89199.6629213483,91725.1685393259,,,171,67,104,1892,350,17,56,73,277,350,335,335,0,0,0,0,0,0,15,15,0,0,0,0,0,0,171,0,0,0,0,30,7,0,0,0,0,0,19,36,19,7,52
250173704004,15000US250173704004,"Block Group 4, Census Tract 3704, Middlesex County, Massachusetts","Block Group 4, Census Tract 3704, Middlesex County, Massachusetts",ma,150,00,ACSSF,0006979,,,,,25,017,,,,370400,4,,,,,,,,,,,,,,,,,,,,,,,,,,,,,,,,,,,,870,870,6121.589,0.142119963490178,0.20127,0.14212,0.05915008,870,112,365,382,11,870,781,15,0,31,22,0,21,258,0,5,13,13,13,25,32,32,32,43,85,106,123,151,189,258,258,253,245,245,245,233,226,226,226,215,173,151,134,106,68,129344,43227.4906367041,39076.8445692884,,,258,147,111,1339,665,27,76,103,562,870,870,781,15,0,31,22,0,21,0,0,0,0,0,0,0,0,258,0,5,8,0,0,12,7,0,0,11,42,21,17,28,38,69
250173704005,15000US250173704005,"Block Group 5, Census Tract 3704, Middlesex County, Massachusetts","Block Group 5, Census Tract 3704, Middlesex County, Massachusetts",ma,150,00,ACSSF,0006980,,,,,25,017,,,,370400,5,,,,,,,,,,,,,,,,,,,,,,,,,,,,,,,,,,,,852,852,17668.91,0.0482203006345975,0.0482203,0.0482203,0,852,144,291,308,109,852,782,61,0,9,0,0,0,320,28,35,41,64,77,80,86,94,95,125,161,206,230,291,320,320,292,285,279,256,243,240,234,226,225,194,158,114,89,29,0,74546,31159.1104868914,31629.84082397,,,320,204,116,1849,852,145,45,190,662,852,852,782,61,0,9,0,0,0,0,0,0,0,0,0,0,0,320,28,7,6,23,13,3,6,8,0,31,36,45,24,61,29,0
250173704006,15000US250173704006,"Block Group 6, Census Tract 3704, Middlesex County, Massachusetts","Block Group 6, Census Tract 3704, Middlesex County, Massachusetts",ma,150,00,ACSSF,0006981,,,,,25,017,,,,370400,6,,,,,,,,,,,,,,,,,,,,,,,,,,,,,,,,,,,,1004,1004,11397.34,0.0880907556328446,0.09190274,0.08809076,0.003811987,1004,139,344,373,148,1004,972,0,0,16,0,0,16,501,9,21,37,37,48,57,70,81,81,81,133,209,287,349,420,501,492,479,464,464,453,443,431,420,420,420,368,291,213,151,81,112358,62092.8183520599,60897.3127340824,,,501,255,246,1697,1004,82,123,205,799,1004,1004,972,0,0,16,0,0,16,0,0,0,0,0,0,0,0,501,9,13,16,0,10,10,13,11,0,0,52,77,77,62,71,81
250173731001,15000US250173731001,"Block Group 1, Census Tract 3731, Middlesex County, Massachusetts","Block Group 1, Census Tract 3731, Middlesex County, Massachusetts",ma,150,00,ACSSF,0006982,,,,,25,017,,,,373100,1,,,,,,,,,,,,,,,,,,,,,,,,,,,,,,,,,,,,859,859,5150.798,0.166770270750289,0.1934078,0.1667703,0.02663757,859,113,388,330,28,859,774,0,0,0,0,85,0,347,12,15,15,15,15,15,15,15,15,55,79,133,162,177,253,347,335,332,332,332,332,332,332,332,332,291,267,214,185,169,93,126416,81403.9700374532,86772.5374531835,,,347,221,126,1775,859,15,0,15,844,859,848,763,0,0,0,0,85,0,11,11,0,0,0,0,0,0,347,12,3,0,0,0,0,0,0,0,40,24,53,29,15,76,94
250173731002,15000US250173731002,"Block Group 2, Census Tract 3731, Middlesex County, Massachusetts","Block Group 2, Census Tract 3731, Middlesex County, Massachusetts",ma,150,00,ACSSF,0006983,,,,,25,017,,,,373100,2,,,,,,,,,,,,,,,,,,,,,,,,,,,,,,,,,,,,965,965,10409.14,0.0927069932370343,0.09270699,0.09270699,0,965,208,264,412,81,965,600,18,0,307,0,0,40,404,40,50,52,60,71,93,104,111,138,170,212,246,290,305,364,404,363,354,352,344,333,311,300,292,266,234,192,158,114,98,40,66268,46705.6647940075,57441.5543071161,33858.9606741573,,404,170,234,1950,965,96,187,283,682,965,950,585,18,0,307,0,0,40,15,15,0,0,0,0,0,0,404,40,10,2,8,11,21,11,7,26,32,42,34,44,15,58,40
250173731003,15000US250173731003,"Block Group 3, Census Tract 3731, Middlesex County, Massachusetts","Block Group 3, Census Tract 3731, Middlesex County, Massachusetts",ma,150,00,ACSSF,0006984,,,,,25,017,,,,373100,3,,,,,,,,,,,,,,,,,,,,,,,,,,,,,,,,,,,,750,750,6799.082,0.110309005292689,0.110309,0.110309,0,750,123,96,244,287,750,669,30,0,37,0,0,14,429,95,136,164,177,198,203,203,206,218,218,232,298,324,343,379,429,333,293,264,251,231,226,226,223,211,211,197,131,105,85,50,45973,47371.9101123596,45206.3014981273,,,429,143,286,1752,750,184,84,268,482,750,750,669,30,0,37,0,0,14,0,0,0,0,0,0,0,0,429,95,41,29,13,21,5,0,3,12,0,14,66,26,19,35,50
250173731004,15000US250173731004,"Block Group 4, Census Tract 3731, Middlesex County, Massachusetts","Block Group 4, Census Tract 3731, Middlesex County, Massachusetts",ma,150,00,ACSSF,0006985,,,,,25,017,,,,373100,4,,,,,,,,,,,,,,,,,,,,,,,,,,,,,,,,,,,,753,753,4976.793,0.151302245415809,0.1513022,0.1513022,0,753,100,208,367,78,753,544,0,0,195,0,0,14,321,8,10,10,10,10,10,16,24,24,24,24,34,74,126,247,321,313,311,311,311,311,311,305,297,297,297,297,286,247,194,74,169115,70563.4737827715,79497.3876404494,50582.34082397,,321,215,106,2174,753,68,0,68,685,753,753,544,0,0,195,0,0,14,0,0,0,0,0,0,0,0,321,8,2,0,0,0,0,6,8,0,0,0,10,39,53,120,74
250173731005,15000US250173731005,"Block Group 5, Census Tract 3731, Middlesex County, Massachusetts","Block Group 5, Census Tract 3731, Middlesex County, Massachusetts",ma,150,00,ACSSF,0006986,,,,,25,017,,,,373100,5,,,,,,,,,,,,,,,,,,,,,,,,,,,,,,,,,,,,1242,1242,10524.89,0.11800595215113,0.118006,0.118006,0,1242,286,302,530,124,1242,971,70,0,105,0,64,32,496,9,29,57,57,68,96,112,115,126,177,207,284,354,394,433,496,487,466,439,439,428,400,384,381,370,319,289,211,141,101,63,82938,43388.1367041199,48832.6685393258,58137.6872659176,,496,272,224,1954,1242,155,113,268,974,1242,1141,934,70,0,105,0,0,32,101,37,0,0,0,0,64,0,496,9,21,28,0,10,29,16,3,11,51,30,78,70,40,38,63
250173735001,15000US250173735001,"Block Group 1, Census Tract 3735, Middlesex County, Massachusetts","Block Group 1, Census Tract 3735, Middlesex County, Massachusetts",ma,150,00,ACSSF,0006996,,,,,25,017,,,,373500,1,,,,,,,,,,,,,,,,,,,,,,,,,,,,,,,,,,,,531,531,3249.702,0.16339959876262,0.1633996,0.1633996,0,531,128,31,306,66,531,525,0,0,6,0,0,0,212,0,4,9,9,9,9,9,9,9,9,9,19,58,58,80,212,212,208,203,203,203,203,203,203,203,203,203,192,154,154,131,269300,146237.734082397,149695.983146067,,,212,205,7,2492,531,0,9,9,522,531,523,517,0,0,6,0,0,0,8,8,0,0,0,0,0,0,212,0,4,5,0,0,0,0,0,0,0,0,10,39,0,22,132
250173735002,15000US250173735002,"Block Group 2, Census Tract 3735, Middlesex County, Massachusetts","Block Group 2, Census Tract 3735, Middlesex County, Massachusetts",ma,150,00,ACSSF,0006997,,,,,25,017,,,,373500,2,,,,,,,,,,,,,,,,,,,,,,,,,,,,,,,,,,,,2520,2520,5624.155,0.448067326952866,0.4522091,0.4480673,0.004141718,2520,366,1291,649,214,2520,2270,49,0,98,38,0,65,611,24,37,48,48,76,87,99,119,144,170,217,269,298,321,355,611,587,574,563,562,535,524,512,492,466,441,393,342,312,290,256,129592,62140.1404494382,58422.8651685393,54302.106741573,16647.4157303371,611,497,114,2007,1538,187,23,210,1328,2520,2460,2210,49,0,98,38,0,65,60,60,0,0,0,0,0,0,611,24,13,11,0,27,11,12,20,25,26,47,51,30,22,34,256
250173735003,15000US250173735003,"Block Group 3, Census Tract 3735, Middlesex County, Massachusetts","Block Group 3, Census Tract 3735, Middlesex County, Massachusetts",ma,150,00,ACSSF,0006998,,,,,25,017,,,,373500,3,,,,,,,,,,,,,,,,,,,,,,,,,,,,,,,,,,,,1094,1094,7080.891,0.154500329731257,0.1545003,0.1545003,0,1094,322,227,438,107,1094,864,0,0,174,0,28,28,393,6,18,34,34,34,34,48,70,76,76,94,158,185,200,223,393,387,374,359,359,359,359,344,323,317,317,299,235,208,193,169,150302,73417.7434456929,79072.734082397,92193.4082397004,25958.6610486891,393,295,98,2095,1094,91,155,246,848,1094,1006,784,0,0,174,0,28,20,88,80,0,0,0,0,0,8,393,6,12,16,0,0,0,14,21,6,0,18,65,27,14,24,170
250173735004,15000US250173735004,"Block Group 4, Census Tract 3735, Middlesex County, Massachusetts","Block Group 4, Census Tract 3735, Middlesex County, Massachusetts",ma,150,00,ACSSF,0006999,,,,,25,017,,,,373500,4,,,,,,,,,,,,,,,,,,,,,,,,,,,,,,,,,,,,2299,2299,4256.213,0.54015153738164,0.5401515,0.5401515,0,2299,463,862,767,207,2299,1939,129,0,203,0,0,28,563,0,4,9,9,15,17,20,28,41,56,101,166,187,216,293,563,563,559,554,554,547,546,543,535,521,507,462,397,375,346,269,201002,61409.138576779,66363.0149812734,47136.5449438202,47785.3558052434,563,457,106,2335,1628,11,82,93,1535,2299,2218,1858,129,0,203,0,0,28,81,81,0,0,0,0,0,0,563,0,4,5,0,6,2,3,8,14,15,45,65,22,29,77,270
250173736001,15000US250173736001,"Block Group 1, Census Tract 3736, Middlesex County, Massachusetts","Block Group 1, Census Tract 3736, Middlesex County, Massachusetts",ma,150,00,ACSSF,0007000,,,,,25,017,,,,373600,1,,,,,,,,,,,,,,,,,,,,,,,,,,,,,,,,,,,,3669,3669,6848.714,0.535721014923621,0.5712949,0.535721,0.03557391,3669,348,3082,192,47,3669,2906,226,0,307,75,22,133,274,0,0,3,16,21,22,30,42,42,42,64,133,147,158,190,274,274,274,270,258,253,252,243,232,232,232,210,141,127,116,83,104122,28161.6292134831,33844.0168539326,16789.3820224719,5277.65917602996,274,175,99,2350,749,45,70,115,634,3669,3520,2785,226,0,307,75,0,127,149,121,0,0,0,0,22,6,274,0,0,3,13,5,1,8,12,0,0,22,69,14,11,32,84
250173736002,15000US250173736002,"Block Group 2, Census Tract 3736, Middlesex County, Massachusetts","Block Group 2, Census Tract 3736, Middlesex County, Massachusetts",ma,150,00,ACSSF,0007001,,,,,25,017,,,,373600,2,,,,,,,,,,,,,,,,,,,,,,,,,,,,,,,,,,,,3955,3955,12599.85,0.313892574019648,0.3138926,0.3138926,0,3955,98,3430,308,119,3955,3429,116,0,229,31,75,75,151,26,32,32,32,32,32,32,32,32,32,32,32,32,38,50,151,125,119,119,119,119,119,119,119,119,119,119,119,119,113,101,269539,18877.7808988764,20695.9456928839,9803.14606741573,18201.5730337079,151,109,42,2492,520,174,8,182,338,3955,3773,3322,116,0,229,31,32,43,182,107,0,0,0,0,43,32,151,26,6,0,0,0,0,0,0,0,0,0,0,0,6,12,101
250173736003,15000US250173736003,"Block Group 3, Census Tract 3736, Middlesex County, Massachusetts","Block Group 3, Census Tract 3736, Middlesex County, Massachusetts",ma,150,00,ACSSF,0007002,,,,,25,017,,,,373600,3,,,,,,,,,,,,,,,,,,,,,,,,,,,,,,,,,,,,1165,1165,3732.419,0.312130017590815,0.31213,0.31213,0,1165,315,61,542,247,1165,1147,0,0,0,0,0,18,457,46,61,65,65,65,65,65,68,77,97,104,124,175,196,210,457,410,396,392,392,392,392,392,389,380,360,353,333,281,261,247,253734,139290.102996255,142331.170411985,,,457,329,128,1191,1165,92,7,99,1066,1165,1153,1135,0,0,0,0,0,18,12,12,0,0,0,0,0,0,457,46,14,4,0,0,0,0,3,10,20,7,20,52,21,14,247
250214001001,15000US250214001001,"Block Group 1, Census Tract 4001, Norfolk County, Massachusetts","Block Group 1, Census Tract 4001, Norfolk County, Massachusetts",ma,150,00,ACSSF,0007163,,,,,25,021,,,,400100,1,,,,,,,,,,,,,,,,,,,,,,,,,,,,,,,,,,,,394,394,6329.347,0.0622497092650622,0.06224971,0.06224971,0,394,95,131,118,50,394,332,0,0,35,0,0,27,178,43,61,71,71,71,71,77,86,86,86,86,92,115,125,128,178,134,117,107,107,107,107,101,92,92,92,92,86,63,53,50,100344,102659.063670412,104799.765917603,133387.294007491,,178,63,115,1539,394,87,19,106,288,394,394,332,0,0,35,0,0,27,0,0,0,0,0,0,0,0,178,43,18,10,0,0,0,6,9,0,0,0,6,23,10,3,50
250214001002,15000US250214001002,"Block Group 2, Census Tract 4001, Norfolk County, Massachusetts","Block Group 2, Census Tract 4001, Norfolk County, Massachusetts",ma,150,00,ACSSF,0007164,,,,,25,021,,,,400100,2,,,,,,,,,,,,,,,,,,,,,,,,,,,,,,,,,,,,949,949,19699.91,0.0481728100670737,0.05190063,0.04817281,0.003727817,949,78,489,303,79,949,795,0,0,118,0,0,36,519,56,80,101,123,163,172,175,186,209,252,314,327,344,379,392,519,462,439,418,395,356,347,344,333,310,266,205,191,174,140,127,58522,65492.5374531835,71359.2322097378,47086.7322097378,,519,102,417,1513,949,157,167,324,625,949,924,770,0,0,118,0,0,36,25,25,0,0,0,0,0,0,519,56,24,21,23,39,9,3,11,22,44,62,13,17,34,13,127
250214001003,15000US250214001003,"Block Group 3, Census Tract 4001, Norfolk County, Massachusetts","Block Group 3, Census Tract 4001, Norfolk County, Massachusetts",ma,150,00,ACSSF,0007165,,,,,25,021,,,,400100,3,,,,,,,,,,,,,,,,,,,,,,,,,,,,,,,,,,,,1554,1554,18007.27,0.0862984693365375,0.08629847,0.08629847,0,1554,128,615,538,273,1554,1211,13,0,314,0,0,16,855,151,199,227,274,316,326,326,326,326,356,392,495,588,648,707,855,702,655,627,581,539,529,529,529,529,498,462,359,266,207,148,85023,63059.1853932584,78692.9119850187,29193.9981273408,3808.18352059925,855,217,638,2081,1554,492,141,633,921,1554,1466,1123,13,0,314,0,0,16,88,88,0,0,0,0,0,0,855,151,48,28,46,42,10,0,0,0,30,36,103,93,60,59,148
250214001004,15000US250214001004,"Block Group 4, Census Tract 4001, Norfolk County, Massachusetts","Block Group 4, Census Tract 4001, Norfolk County, Massachusetts",ma,150,00,ACSSF,0007166,,,,,25,021,,,,400100,4,,,,,,,,,,,,,,,,,,,,,,,,,,,,,,,,,,,,1718,1718,12519.91,0.13722148519607,0.1381103,0.1372215,0.0008888072,1718,396,679,506,137,1718,1200,41,0,144,0,251,82,676,37,52,68,89,101,104,109,116,116,129,233,280,354,384,450,676,639,623,608,587,575,572,567,560,559,547,442,395,321,292,226,112262,69270.8333333333,88350.3558052435,43400.5898876405,27730.7490636704,676,377,299,2320,1512,253,42,295,1217,1718,1434,1138,41,0,144,0,29,82,284,62,0,0,0,0,222,0,676,37,16,15,21,12,3,5,7,0,13,104,46,75,30,66,226
250214002001,15000US250214002001,"Block Group 1, Census Tract 4002, Norfolk County, Massachusetts","Block Group 1, Census Tract 4002, Norfolk County, Massachusetts",ma,150,00,ACSSF,0007167,,,,,25,021,,,,400200,1,,,,,,,,,,,,,,,,,,,,,,,,,,,,,,,,,,,,1813,1813,37751.53,0.0480245468318772,0.04802455,0.04802455,0,1813,218,1175,381,39,1813,1415,46,0,241,0,30,81,635,122,192,259,290,290,305,330,357,379,397,398,511,511,537,597,635,512,442,375,345,345,329,305,278,256,238,236,124,123,98,38,40690,28719.531835206,28768.0992509363,35324.7003745318,,635,77,558,2492,1813,934,92,1026,787,1813,1796,1415,46,0,241,0,13,81,17,0,0,0,0,0,17,0,635,122,70,68,31,0,16,25,27,21,19,1,113,0,26,60,38
250214002002,15000US250214002002,"Block Group 2, Census Tract 4002, Norfolk County, Massachusetts","Block Group 2, Census Tract 4002, Norfolk County, Massachusetts",ma,150,00,ACSSF,0007168,,,,,25,021,,,,400200,2,,,,,,,,,,,,,,,,,,,,,,,,,,,,,,,,,,,,2431,2431,28630.56,0.0849092737109207,0.08490928,0.08490928,0,2431,343,1011,726,351,2431,1911,0,0,409,0,81,30,1267,26,87,176,201,220,238,252,264,280,320,455,637,760,924,998,1267,1240,1178,1091,1066,1047,1029,1015,1003,987,946,811,628,505,341,268,96459,67702.9775280899,72432.6966292135,66676.8352059925,7504.28838951311,1267,393,874,2418,2431,166,331,497,1934,2431,2307,1878,0,0,409,0,0,20,124,33,0,0,0,0,81,10,1267,26,61,88,26,18,18,14,12,15,41,134,183,123,164,74,269
250214002003,15000US250214002003,"Block Group 3, Census Tract 4002, Norfolk County, Massachusetts","Block Group 3, Census Tract 4002, Norfolk County, Massachusetts",ma,150,00,ACSSF,0007169,,,,,25,021,,,,400200,3,,,,,,,,,,,,,,,,,,,,,,,,,,,,,,,,,,,,2073,2073,28453.87,0.0728547777055338,0.07285478,0.07285478,0,2073,276,939,701,157,2073,1603,98,0,233,0,139,0,676,86,107,111,125,125,135,165,198,198,219,270,287,353,403,504,676,589,569,565,551,551,541,510,478,478,456,406,388,323,272,172,123079,97107.4344569288,119718.679775281,66934.6161048689,34304.7846441948,676,377,299,2198,1650,369,70,439,1211,2073,1831,1439,98,0,233,0,61,0,242,164,0,0,0,0,78,0,676,86,21,4,14,0,10,30,33,0,21,51,17,65,50,101,172
250214003001,15000US250214003001,"Block Group 1, Census Tract 4003, Norfolk County, Massachusetts","Block Group 1, Census Tract 4003, Norfolk County, Massachusetts",ma,150,00,ACSSF,0007170,,,,,25,021,,,,400300,1,,,,,,,,,,,,,,,,,,,,,,,,,,,,,,,,,,,,788,788,21366.76,0.0368797075507686,0.03687971,0.03687971,0,788,83,417,219,69,788,664,0,0,96,0,28,0,336,42,55,64,79,87,93,96,96,96,96,105,138,184,194,240,336,294,281,272,257,249,243,240,240,240,240,231,197,152,142,95,114380,60749.1198501873,62294.5599250936,61974.5131086142,25902.6217228464,336,146,190,2472,788,137,92,229,559,788,749,653,0,0,86,0,10,0,39,11,0,0,10,0,18,0,336,42,14,9,15,8,6,3,0,0,0,9,33,46,10,46,96
250214003002,15000US250214003002,"Block Group 2, Census Tract 4003, Norfolk County, Massachusetts","Block Group 2, Census Tract 4003, Norfolk County, Massachusetts",ma,150,00,ACSSF,0007171,,,,,25,021,,,,400300,2,,,,,,,,,,,,,,,,,,,,,,,,,,,,,,,,,,,,1733,1733,24372.68,0.0711041904441256,0.07110419,0.07110419,0,1733,190,929,468,146,1733,1342,71,0,270,0,0,50,694,7,27,55,62,75,78,90,110,120,166,185,277,312,382,485,694,687,667,639,632,619,616,604,584,573,528,508,417,381,311,208,137430,81156.1516853933,94676.5730337079,40842.7059925094,,694,356,338,2169,1733,296,89,385,1348,1733,1733,1342,71,0,270,0,0,50,0,0,0,0,0,0,0,0,694,7,19,28,7,13,3,12,19,10,46,19,92,35,70,102,209
250214003003,15000US250214003003,"Block Group 3, Census Tract 4003, Norfolk County, Massachusetts","Block Group 3, Census Tract 4003, Norfolk County, Massachusetts",ma,150,00,ACSSF,0007172,,,,,25,021,,,,400300,3,,,,,,,,,,,,,,,,,,,,,,,,,,,,,,,,,,,,1448,1448,15231.51,0.0950660775262279,0.09506608,0.09506608,0,1448,472,190,689,97,1448,1054,30,0,317,0,14,33,553,6,8,9,14,32,40,47,55,65,102,103,181,236,296,371,553,547,545,544,539,521,513,506,497,487,451,450,371,316,256,181,136466,74298.1835205993,90022.8183520599,37780.468164794,40973.4644194757,553,347,206,2360,1448,64,100,164,1284,1448,1382,1032,0,0,317,0,0,33,66,22,30,0,0,0,14,0,553,6,2,1,5,18,9,7,8,9,37,1,79,54,60,75,182
250214004001,15000US250214004001,"Block Group 1, Census Tract 4004, Norfolk County, Massachusetts","Block Group 1, Census Tract 4004, Norfolk County, Massachusetts",ma,150,00,ACSSF,0007173,,,,,25,021,,,,400400,1,,,,,,,,,,,,,,,,,,,,,,,,,,,,,,,,,,,,1844,1844,20574.94,0.089623581267558,0.08962358,0.08962358,0,1844,172,652,579,441,1844,1545,0,0,283,0,0,16,1103,66,119,184,223,233,261,301,354,428,542,680,766,833,936,1013,1103,1036,983,918,880,870,842,801,748,674,560,423,336,268,166,90,61508,53314.5692883895,54417.9213483146,47740.5243445693,,1103,330,773,1843,1844,249,142,391,1453,1844,1844,1545,0,0,283,0,0,16,0,0,0,0,0,0,0,0,1103,66,53,65,39,10,28,40,53,73,115,138,87,67,102,77,90
250214004002,15000US250214004002,"Block Group 2, Census Tract 4004, Norfolk County, Massachusetts","Block Group 2, Census Tract 4004, Norfolk County, Massachusetts",ma,150,00,ACSSF,0007174,,,,,25,021,,,,400400,2,,,,,,,,,,,,,,,,,,,,,,,,,,,,,,,,,,,,2230,2230,17616.39,0.126586686888125,0.1265867,0.1265867,0,2230,293,862,685,390,2230,1807,16,0,376,0,10,21,1117,154,226,282,306,317,341,368,387,388,418,514,587,643,755,871,1117,961,890,834,811,800,776,749,730,729,699,603,530,472,361,246,90396,86533.436329588,100334.054307116,29557.6310861423,,1117,491,626,2158,2220,444,201,645,1575,2230,2191,1778,16,0,376,0,0,21,39,29,0,0,0,0,10,0,1117,154,72,56,24,11,24,27,19,1,30,96,73,57,111,116,246
250214004003,15000US250214004003,"Block Group 3, Census Tract 4004, Norfolk County, Massachusetts","Block Group 3, Census Tract 4004, Norfolk County, Massachusetts",ma,150,00,ACSSF,0007175,,,,,25,021,,,,400400,3,,,,,,,,,,,,,,,,,,,,,,,,,,,,,,,,,,,,1208,1208,14933.44,0.0808922666823167,0.08089226,0.08089226,0,1208,332,224,525,127,1208,989,0,0,175,0,0,44,438,10,12,12,12,12,19,33,45,45,98,122,143,155,189,302,438,428,426,426,426,426,418,405,393,392,339,316,295,282,249,136,175082,74391.5823970037,79448.8202247191,44831.4606741573,107579.316479401,438,338,100,2127,1163,12,27,39,1124,1208,1095,876,0,0,175,0,0,44,113,113,0,0,0,0,0,0,438,10,2,0,0,0,7,13,12,0,53,24,21,12,34,113,136
250214006001,15000US250214006001,"Block Group 1, Census Tract 4006, Norfolk County, Massachusetts","Block Group 1, Census Tract 4006, Norfolk County, Massachusetts",ma,150,00,ACSSF,0007179,,,,,25,021,,,,400600,1,,,,,,,,,,,,,,,,,,,,,,,,,,,,,,,,,,,,1437,1437,21278.81,0.067531973121111,0.06753197,0.06753197,0,1437,141,723,509,64,1437,1081,0,0,328,0,21,7,724,56,86,109,109,134,150,156,161,178,191,242,291,419,475,571,724,667,638,615,614,590,574,568,563,545,533,482,432,305,249,152,110994,69770.2059925094,75920.8333333333,64218.5767790262,42307.2003745318,724,381,343,2143,1437,205,63,268,1169,1437,1270,935,0,0,328,0,0,7,167,146,0,0,0,0,21,0,724,56,30,23,0,25,16,6,5,17,13,51,49,128,56,96,153
250214006002,15000US250214006002,"Block Group 2, Census Tract 4006, Norfolk County, Massachusetts","Block Group 2, Census Tract 4006, Norfolk County, Massachusetts",ma,150,00,ACSSF,0007180,,,,,25,021,,,,400600,2,,,,,,,,,,,,,,,,,,,,,,,,,,,,,,,,,,,,2797,2797,13443.16,0.208061195650327,0.2080612,0.2080612,0,2797,599,714,1040,444,2797,2437,19,0,174,0,71,96,1142,21,37,63,96,107,109,128,158,173,200,240,336,429,555,712,1142,1121,1105,1079,1046,1035,1033,1014,984,969,942,902,805,712,585,427,151882,83780.0374531835,88635.5337078652,88198.4269662921,4229.10112359551,1142,892,250,2108,2797,114,96,210,2587,2797,2728,2389,19,0,174,0,50,96,69,48,0,0,0,0,21,0,1142,21,16,26,33,10,2,19,30,15,27,40,96,92,126,157,430
250214006003,15000US250214006003,"Block Group 3, Census Tract 4006, Norfolk County, Massachusetts","Block Group 3, Census Tract 4006, Norfolk County, Massachusetts",ma,150,00,ACSSF,0007181,,,,,25,021,,,,400600,3,,,,,,,,,,,,,,,,,,,,,,,,,,,,,,,,,,,,1102,1102,5583.356,0.197372343037883,0.1981654,0.1973723,0.0007930539,1102,348,240,421,93,1102,824,18,0,115,0,38,107,269,13,16,16,16,16,16,16,16,16,16,16,16,16,16,24,269,256,253,253,253,253,253,253,253,253,253,253,253,253,253,244,311331,131478.220973783,161972.331460674,206736.54494382,24286.1985018727,269,269,0,,929,16,21,37,892,1102,947,724,18,0,115,0,0,90,155,100,0,0,0,0,38,17,269,13,3,0,0,0,0,0,0,0,0,0,0,0,0,8,245
250214011001,15000US250214011001,"Block Group 1, Census Tract 4011, Norfolk County, Massachusetts","Block Group 1, Census Tract 4011, Norfolk County, Massachusetts",ma,150,00,ACSSF,0007194,,,,,25,021,,,,401100,1,,,,,,,,,,,,,,,,,,,,,,,,,,,,,,,,,,,,2248,2248,2384.085,0.942919426653714,0.9811566,0.9429194,0.03823724,2248,350,734,775,389,2248,1976,35,0,89,0,55,93,694,23,47,73,73,88,92,97,116,164,212,255,302,331,367,408,694,671,647,621,621,605,602,597,577,530,481,438,392,362,326,285,133131,108756.142322097,116254.20411985,71400.3277153558,36459.1853932584,694,536,158,1995,1936,367,81,448,1488,2248,2173,1915,35,0,89,0,41,93,75,61,0,0,0,0,14,0,694,23,23,26,0,15,4,5,20,48,48,43,46,30,36,41,286
250214011002,15000US250214011002,"Block Group 2, Census Tract 4011, Norfolk County, Massachusetts","Block Group 2, Census Tract 4011, Norfolk County, Massachusetts",ma,150,00,ACSSF,0007195,,,,,25,021,,,,401100,2,,,,,,,,,,,,,,,,,,,,,,,,,,,,,,,,,,,,1169,1169,3059.113,0.382136905653617,0.3825539,0.3821369,0.0004169903,1169,273,90,609,197,1169,915,0,0,245,0,9,0,412,9,15,20,20,20,20,20,20,20,20,31,53,104,123,158,412,403,397,392,392,392,392,392,392,392,392,381,358,308,289,254,251094,171978.464419476,198529.897003745,75222.2097378277,,412,391,21,2492,1169,28,9,37,1132,1169,1169,915,0,0,245,0,9,0,0,0,0,0,0,0,0,0,412,9,6,5,0,0,0,0,0,0,0,11,22,51,18,35,254
250214011003,15000US250214011003,"Block Group 3, Census Tract 4011, Norfolk County, Massachusetts","Block Group 3, Census Tract 4011, Norfolk County, Massachusetts",ma,150,00,ACSSF,0007196,,,,,25,021,,,,401100,3,,,,,,,,,,,,,,,,,,,,,,,,,,,,,,,,,,,,1439,1439,5441.048,0.264471109518654,0.2679402,0.2644711,0.003469128,1439,441,170,665,163,1439,1238,21,0,180,0,0,0,544,0,6,16,23,23,23,23,23,23,30,55,108,133,193,257,544,544,538,528,521,521,521,521,521,521,514,488,436,410,350,286,210147,155257.574906367,157418.202247191,56727.9868913858,,544,438,106,2199,1439,74,0,74,1365,1439,1427,1226,21,0,180,0,0,0,12,12,0,0,0,0,0,0,544,0,6,10,7,0,0,0,0,0,7,26,52,25,60,64,287
250250001001,15000US250250001001,"Block Group 1, Census Tract 1, Suffolk County, Massachusetts","Block Group 1, Census Tract 1, Suffolk County, Massachusetts",ma,150,00,ACSSF,0007997,,,,,25,025,,,,000100,1,,,,,,,,,,,,,,,,,,,,,,,,,,,,,,,,,,,,1413,1413,2663.745,0.530456125665447,0.5304561,0.5304561,0,1413,131,471,657,154,1413,1177,49,0,159,0,8,20,527,38,71,108,116,145,158,161,163,169,192,281,331,372,425,503,527,488,455,419,410,381,369,366,364,358,335,245,196,155,101,24,72903,35763.0524344569,41029.5037453184,18925.1029962547,23332.2846441948,527,154,373,1583,1413,223,257,480,933,1413,1189,953,49,0,159,0,8,20,224,224,0,0,0,0,0,0,527,38,33,37,8,29,12,3,2,6,24,89,49,41,54,78,24
250250001002,15000US250250001002,"Block Group 2, Census Tract 1, Suffolk County, Massachusetts","Block Group 2, Census Tract 1, Suffolk County, Massachusetts",ma,150,00,ACSSF,0007998,,,,,25,025,,,,000100,2,,,,,,,,,,,,,,,,,,,,,,,,,,,,,,,,,,,,816,816,15051.21,0.0542149230035043,0.05421492,0.05421492,0,816,70,361,362,23,816,646,18,0,145,0,0,7,389,18,31,52,82,82,82,111,165,214,214,271,324,332,354,382,389,371,358,337,307,307,307,277,224,175,175,118,65,56,35,7,46295,33151.6198501873,34571.2827715356,26583.8108614232,,389,124,265,1704,816,143,123,266,550,816,779,609,18,0,145,0,0,7,37,37,0,0,0,0,0,0,389,18,13,21,30,0,0,29,54,49,0,57,54,8,22,28,7
250250001003,15000US250250001003,"Block Group 3, Census Tract 1, Suffolk County, Massachusetts","Block Group 3, Census Tract 1, Suffolk County, Massachusetts",ma,150,00,ACSSF,0007999,,,,,25,025,,,,000100,3,,,,,,,,,,,,,,,,,,,,,,,,,,,,,,,,,,,,478,478,11305.24,0.0422812769788895,0.04228128,0.04228128,0,478,63,113,205,97,478,379,0,0,99,0,0,0,205,0,4,11,19,19,36,46,46,46,56,76,98,149,156,175,205,205,201,194,186,186,169,159,159,159,149,129,106,56,49,30,101182,46988.3520599251,49467.7808988764,37495.2902621723,,205,97,108,1823,478,32,90,122,356,478,478,379,0,0,99,0,0,0,0,0,0,0,0,0,0,0,205,0,4,7,8,0,17,10,0,0,10,20,22,51,7,19,30
250250001004,15000US250250001004,"Block Group 4, Census Tract 1, Suffolk County, Massachusetts","Block Group 4, Census Tract 1, Suffolk County, Massachusetts",ma,150,00,ACSSF,0008000,,,,,25,025,,,,000100,4,,,,,,,,,,,,,,,,,,,,,,,,,,,,,,,,,,,,913,913,13816.86,0.0660786845344457,0.06607869,0.06607869,0,913,182,397,255,79,913,647,35,0,33,0,172,26,291,6,8,8,8,8,30,43,63,134,134,193,241,273,288,291,291,285,283,283,283,283,261,248,227,157,157,97,49,18,3,0,65250,23931.2827715356,29665.9737827715,27000.9925093633,16551.5262172285,291,63,228,1785,913,127,227,354,559,913,613,467,17,0,33,0,89,7,300,180,18,0,0,0,83,19,291,6,2,0,0,0,22,13,20,71,0,59,48,32,14,3,0
250250002011,15000US250250002011,"Block Group 1, Census Tract 2.01, Suffolk County, Massachusetts","Block Group 1, Census Tract 2.01, Suffolk County, Massachusetts",ma,150,00,ACSSF,0008001,,,,,25,025,,,,000201,1,,,,,,,,,,,,,,,,,,,,,,,,,,,,,,,,,,,,702,702,7539.744,0.0931066089881498,0.09310661,0.09310661,0,702,52,358,253,39,702,493,26,0,183,0,0,0,263,29,40,45,45,52,54,58,66,75,75,96,149,170,170,217,263,234,223,218,218,211,209,205,196,188,188,166,114,93,93,46,77789,45411.7790262172,50684.456928839,39304.7378277154,44687.0037453184,263,127,136,1785,702,63,24,87,615,702,634,425,26,0,183,0,0,0,68,68,0,0,0,0,0,0,263,29,11,5,0,7,2,4,8,9,0,21,52,21,0,47,46
250250002012,15000US250250002012,"Block Group 2, Census Tract 2.01, Suffolk County, Massachusetts","Block Group 2, Census Tract 2.01, Suffolk County, Massachusetts",ma,150,00,ACSSF,0008002,,,,,25,025,,,,000201,2,,,,,,,,,,,,,,,,,,,,,,,,,,,,,,,,,,,,1032,1032,27405.31,0.037656931229025,0.03765693,0.03765693,0,1032,57,591,238,146,1032,907,13,0,94,0,0,18,413,0,0,4,21,27,36,40,40,41,73,127,208,247,287,344,413,413,413,408,392,385,377,373,373,372,340,286,204,166,125,68,102566,52018.1928838951,56676.9288389513,22553.9606741573,20099.4382022472,413,200,213,2381,1032,149,34,183,849,1032,1002,895,13,0,94,0,0,0,30,12,0,0,0,0,0,18,413,0,0,4,17,6,8,4,0,0,33,54,81,38,41,57,69
250250002013,15000US250250002013,"Block Group 3, Census Tract 2.01, Suffolk County, Massachusetts","Block Group 3, Census Tract 2.01, Suffolk County, Massachusetts",ma,150,00,ACSSF,0008003,,,,,25,025,,,,000201,3,,,,,,,,,,,,,,,,,,,,,,,,,,,,,,,,,,,,1344,1344,19856.84,0.0676844834802323,0.06768449,0.06768449,0,1344,137,707,461,39,1344,926,91,7,121,0,199,0,465,9,22,39,39,39,39,39,39,41,99,118,256,281,347,401,465,456,443,426,426,426,426,426,426,424,366,345,208,183,117,63,91796,41701.9756554307,51070.5056179775,55843.8108614232,26327.2752808989,465,108,357,1915,1344,209,164,373,971,1344,983,746,91,7,121,0,18,0,361,180,0,0,0,0,181,0,465,9,13,17,0,0,0,0,0,1,59,19,138,25,66,54,64
250250002014,15000US250250002014,"Block Group 4, Census Tract 2.01, Suffolk County, Massachusetts","Block Group 4, Census Tract 2.01, Suffolk County, Massachusetts",ma,150,00,ACSSF,0008004,,,,,25,025,,,,000201,4,,,,,,,,,,,,,,,,,,,,,,,,,,,,,,,,,,,,558,558,16922.87,0.0329731257442119,0.03297313,0.03297313,0,558,39,273,122,124,558,454,54,0,50,0,0,0,355,34,46,51,51,69,79,93,110,127,186,224,332,332,341,346,355,321,309,304,304,286,276,262,244,228,168,130,23,23,14,9,60450,40548.8108614232,49818.9606741573,14732.1161048689,18953.7453183521,355,69,286,1438,558,56,72,128,430,558,456,352,54,0,50,0,0,0,102,102,0,0,0,0,0,0,355,34,12,5,0,18,10,13,18,16,60,38,108,0,9,5,9
250250002021,15000US250250002021,"Block Group 1, Census Tract 2.02, Suffolk County, Massachusetts","Block Group 1, Census Tract 2.02, Suffolk County, Massachusetts",ma,150,00,ACSSF,0008005,,,,,25,025,,,,000202,1,,,,,,,,,,,,,,,,,,,,,,,,,,,,,,,,,,,,1844,1844,16894.73,0.109146451643791,0.1091465,0.1091465,0,1844,74,990,583,197,1844,1060,57,0,390,0,326,11,647,18,50,96,113,113,118,126,132,133,189,247,327,392,469,539,647,629,597,551,534,534,529,521,515,514,457,400,319,254,177,107,94956,43310.9269662921,51025.6741573034,31837.808988764,27047.0692883895,647,276,371,1989,1844,339,212,551,1293,1844,1720,1025,57,0,390,0,237,11,124,35,0,0,0,0,89,0,647,18,32,46,17,0,5,8,6,0,57,58,80,65,77,71,108
250250002022,15000US250250002022,"Block Group 2, Census Tract 2.02, Suffolk County, Massachusetts","Block Group 2, Census Tract 2.02, Suffolk County, Massachusetts",ma,150,00,ACSSF,0008006,,,,,25,025,,,,000202,2,,,,,,,,,,,,,,,,,,,,,,,,,,,,,,,,,,,,632,632,12467.99,0.0506898101458385,0.05068981,0.05068981,0,632,83,235,228,86,632,496,5,0,96,0,35,0,305,29,36,36,36,36,58,71,71,71,110,188,201,249,262,283,305,276,269,269,269,269,247,234,234,233,194,117,104,56,43,21,65658,41694.5037453184,45643.4082397004,36917.4625468165,20556.4700374532,305,138,167,1738,632,63,0,63,569,632,575,441,3,0,96,0,35,0,57,55,2,0,0,0,0,0,305,29,7,0,0,0,22,13,0,0,39,78,13,48,13,21,22
250250002023,15000US250250002023,"Block Group 3, Census Tract 2.02, Suffolk County, Massachusetts","Block Group 3, Census Tract 2.02, Suffolk County, Massachusetts",ma,150,00,ACSSF,0008007,,,,,25,025,,,,000202,3,,,,,,,,,,,,,,,,,,,,,,,,,,,,,,,,,,,,714,714,15029.92,0.0475052394065146,0.04750524,0.04750524,0,714,54,263,273,124,714,627,0,0,87,0,0,0,361,24,30,32,41,48,57,85,118,119,157,164,227,292,315,323,361,337,331,329,320,313,304,275,243,242,203,196,133,68,46,38,88289,48710.627340824,53711.8258426966,8641.26404494382,,361,166,195,1775,714,30,144,174,540,714,675,588,0,0,87,0,0,0,39,39,0,0,0,0,0,0,361,24,6,2,9,7,9,28,33,1,39,7,63,65,22,8,38
250250002024,15000US250250002024,"Block Group 4, Census Tract 2.02, Suffolk County, Massachusetts","Block Group 4, Census Tract 2.02, Suffolk County, Massachusetts",ma,150,00,ACSSF,0008008,,,,,25,025,,,,000202,4,,,,,,,,,,,,,,,,,,,,,,,,,,,,,,,,,,,,709,709,28414.72,0.0249518530587787,0.02495185,0.02495185,0,709,237,284,164,24,709,105,112,0,201,0,291,0,191,56,75,86,97,97,114,141,164,164,169,172,191,191,191,191,191,134,116,105,94,94,76,49,27,27,22,19,0,0,0,0,21459,8760.81460674157,2395.9925093633,12169.2509363296,7459.45692883895,191,19,172,289,709,302,283,585,124,709,350,37,112,0,201,0,0,0,359,68,0,0,0,0,291,0,191,56,19,11,11,0,17,27,23,0,5,3,19,0,0,0,0
250250003011,15000US250250003011,"Block Group 1, Census Tract 3.01, Suffolk County, Massachusetts","Block Group 1, Census Tract 3.01, Suffolk County, Massachusetts",ma,150,00,ACSSF,0008009,,,,,25,025,,,,000301,1,,,,,,,,,,,,,,,,,,,,,,,,,,,,,,,,,,,,342,342,3990.916,0.0856946055348519,0.0856946,0.0856946,0,342,0,154,138,50,342,332,0,0,10,0,0,0,175,0,6,16,22,29,31,31,31,31,39,44,59,95,115,154,175,175,169,158,153,146,144,144,144,144,136,131,116,80,59,20,116749,62092.8183520599,60716.7415730337,,,175,125,50,,342,15,62,77,265,342,342,332,0,0,10,0,0,0,0,0,0,0,0,0,0,0,175,0,6,10,6,7,2,0,0,0,8,5,15,37,20,39,21
250250003012,15000US250250003012,"Block Group 2, Census Tract 3.01, Suffolk County, Massachusetts","Block Group 2, Census Tract 3.01, Suffolk County, Massachusetts",ma,150,00,ACSSF,0008010,,,,,25,025,,,,000301,2,,,,,,,,,,,,,,,,,,,,,,,,,,,,,,,,,,,,932,932,16854.27,0.0552975535021784,0.05529755,0.05529755,0,932,183,342,323,84,932,739,0,0,193,0,0,0,289,0,0,4,17,17,17,17,17,17,24,46,99,166,194,218,289,289,289,285,272,272,272,272,272,272,265,242,189,122,95,70,107503,48541.2640449438,53300.8707865169,33658.4644194757,44586.1329588015,289,157,132,2308,932,0,46,46,886,932,858,665,0,0,193,0,0,0,74,74,0,0,0,0,0,0,289,0,0,4,13,0,0,0,0,0,7,22,53,67,27,25,71
250250003013,15000US250250003013,"Block Group 3, Census Tract 3.01, Suffolk County, Massachusetts","Block Group 3, Census Tract 3.01, Suffolk County, Massachusetts",ma,150,00,ACSSF,0008011,,,,,25,025,,,,000301,3,,,,,,,,,,,,,,,,,,,,,,,,,,,,,,,,,,,,525,525,16921.5,0.0310256263735585,0.03102563,0.03102563,0,525,17,349,82,77,525,511,0,0,14,0,0,0,217,0,3,8,8,15,17,17,19,26,26,26,83,210,210,217,217,217,214,209,209,202,200,200,198,191,191,191,133,7,7,0,98352,44132.8370786517,41429.2509363296,,,217,84,133,1554,525,61,41,102,423,525,509,495,0,0,14,0,0,0,16,16,0,0,0,0,0,0,217,0,3,5,0,7,2,0,2,7,0,0,57,127,0,7,0
250250003014,15000US250250003014,"Block Group 4, Census Tract 3.01, Suffolk County, Massachusetts","Block Group 4, Census Tract 3.01, Suffolk County, Massachusetts",ma,150,00,ACSSF,0008012,,,,,25,025,,,,000301,4,,,,,,,,,,,,,,,,,,,,,,,,,,,,,,,,,,,,599,599,12236.68,0.0489511920518551,0.04895119,0.04895119,0,599,32,330,174,63,599,556,33,0,10,0,0,0,268,7,9,9,9,9,9,19,38,51,51,51,113,193,227,237,268,261,259,259,259,259,259,248,230,217,217,216,154,74,41,31,114608,58246.0299625468,57024.372659176,,,268,111,157,2132,599,28,0,28,571,599,582,539,33,0,10,0,0,0,17,17,0,0,0,0,0,0,268,7,2,0,0,0,0,10,18,13,0,0,62,80,34,10,31
250250003021,15000US250250003021,"Block Group 1, Census Tract 3.02, Suffolk County, Massachusetts","Block Group 1, Census Tract 3.02, Suffolk County, Massachusetts",ma,150,00,ACSSF,0008013,,,,,25,025,,,,000302,1,,,,,,,,,,,,,,,,,,,,,,,,,,,,,,,,,,,,1504,1504,14470.6,0.103934844485766,0.1039348,0.1039348,0,1504,61,914,388,141,1504,1174,70,0,145,0,92,23,594,28,35,35,36,99,120,134,149,150,172,172,231,345,436,490,594,566,559,559,557,494,474,459,445,444,422,421,362,248,157,103,117826,53477.7059925094,56908.5580524345,54958.3895131086,36188.9513108614,594,212,382,2171,1504,133,146,279,1225,1504,1462,1132,70,0,145,0,92,23,42,42,0,0,0,0,0,0,594,28,7,0,1,63,21,14,14,0,23,0,59,114,90,54,104
250250003022,15000US250250003022,"Block Group 2, Census Tract 3.02, Suffolk County, Massachusetts","Block Group 2, Census Tract 3.02, Suffolk County, Massachusetts",ma,150,00,ACSSF,0008014,,,,,25,025,,,,000302,2,,,,,,,,,,,,,,,,,,,,,,,,,,,,,,,,,,,,1572,1572,12695.62,0.123822195315191,0.1416219,0.1238222,0.0177997,1572,201,656,503,212,1572,973,153,0,446,0,0,0,644,21,37,58,74,80,81,94,125,168,214,244,360,397,470,520,644,623,607,586,570,564,563,549,519,476,429,399,284,246,173,123,86171,49429.1760299625,52725.5337078652,36698.2865168539,,644,416,228,2261,1572,179,112,291,1281,1572,1563,964,153,0,446,0,0,0,9,9,0,0,0,0,0,0,644,21,16,21,16,6,1,13,30,43,47,30,116,37,73,50,124
250250004011,15000US250250004011,"Block Group 1, Census Tract 4.01, Suffolk County, Massachusetts","Block Group 1, Census Tract 4.01, Suffolk County, Massachusetts",ma,150,00,ACSSF,0008015,,,,,25,025,,,,000401,1,,,,,,,,,,,,,,,,,,,,,,,,,,,,,,,,,,,,1492,1492,71374.05,0.0209039578561754,0.02090396,0.02090396,0,1492,27,1114,301,50,1492,1074,110,0,233,0,75,0,909,94,131,153,163,216,275,320,349,376,406,483,661,777,821,864,909,813,778,756,746,692,633,589,560,533,503,424,246,132,88,44,67222,45729.3352059925,55390.5149812734,27969.8501872659,34870.15917603,909,80,829,1654,1492,273,278,551,941,1492,1354,999,110,0,233,0,12,0,138,75,0,0,0,0,63,0,909,94,36,22,10,54,59,44,29,27,30,77,178,115,44,44,45
250250004012,15000US250250004012,"Block Group 2, Census Tract 4.01, Suffolk County, Massachusetts","Block Group 2, Census Tract 4.01, Suffolk County, Massachusetts",ma,150,00,ACSSF,0008016,,,,,25,025,,,,000401,2,,,,,,,,,,,,,,,,,,,,,,,,,,,,,,,,,,,,1124,1124,27090.26,0.0414909258266834,0.04149093,0.04149093,0,1124,18,791,243,72,1124,728,0,0,396,0,0,0,480,82,103,103,103,121,132,152,176,185,245,287,403,411,435,468,480,397,377,377,377,359,348,328,304,295,235,192,77,68,44,12,54742,30837.8183520599,37345.8520599251,19113.1460674157,34576.2640449438,480,90,390,2133,1124,310,70,380,744,1124,1090,694,0,0,396,0,0,0,34,34,0,0,0,0,0,0,480,82,21,0,0,18,11,20,24,8,61,42,116,8,24,33,12
250250004013,15000US250250004013,"Block Group 3, Census Tract 4.01, Suffolk County, Massachusetts","Block Group 3, Census Tract 4.01, Suffolk County, Massachusetts",ma,150,00,ACSSF,0008017,,,,,25,025,,,,000401,3,,,,,,,,,,,,,,,,,,,,,,,,,,,,,,,,,,,,1242,1242,27529.48,0.0451152669433217,0.04511527,0.04511527,0,1242,203,555,302,182,1242,1096,0,0,51,0,37,58,492,10,25,57,100,100,100,115,138,146,187,267,368,401,448,481,492,482,466,435,392,392,392,377,354,346,304,224,124,91,44,11,69299,31632.3314606742,34472.9026217228,,12273.8576779026,492,125,367,1689,1242,59,215,274,968,1242,1121,1001,0,0,51,0,11,58,121,95,0,0,0,0,26,0,492,10,16,31,43,0,0,15,23,8,42,80,101,33,47,33,11
250250004014,15000US250250004014,"Block Group 4, Census Tract 4.01, Suffolk County, Massachusetts","Block Group 4, Census Tract 4.01, Suffolk County, Massachusetts",ma,150,00,ACSSF,0008018,,,,,25,025,,,,000401,4,,,,,,,,,,,,,,,,,,,,,,,,,,,,,,,,,,,,1583,1583,26868.54,0.0589164891883669,0.05891649,0.05891649,0,1583,178,494,155,756,1583,1367,12,0,204,0,0,0,933,193,325,466,526,576,605,615,615,616,665,750,793,831,846,900,933,738,606,467,407,356,328,318,318,317,268,182,139,102,86,33,19614,30750.6460674157,32993.4644194757,12357.2940074906,35536.404494382,933,112,821,415,1583,430,451,881,702,1583,1468,1252,12,0,204,0,0,0,115,115,0,0,0,0,0,0,933,193,132,141,60,50,29,10,0,1,49,86,43,38,15,53,33
250250004021,15000US250250004021,"Block Group 1, Census Tract 4.02, Suffolk County, Massachusetts","Block Group 1, Census Tract 4.02, Suffolk County, Massachusetts",ma,150,00,ACSSF,0008019,,,,,25,025,,,,000402,1,,,,,,,,,,,,,,,,,,,,,,,,,,,,,,,,,,,,1312,1312,20962.89,0.0625867764638292,0.06258678,0.06258678,0,1312,112,877,187,136,1312,1207,0,0,105,0,0,0,612,50,67,74,75,141,187,217,248,306,350,437,497,514,542,574,612,561,544,538,536,470,424,395,364,306,262,175,114,97,70,37,51369,34541.3951310861,36237.5187265918,40063.1367041199,4952.63108614232,612,163,449,1838,1312,345,226,571,741,1312,1228,1123,0,0,105,0,0,0,84,84,0,0,0,0,0,0,612,50,17,7,1,66,46,29,31,59,43,87,61,17,27,33,38
250250004022,15000US250250004022,"Block Group 2, Census Tract 4.02, Suffolk County, Massachusetts","Block Group 2, Census Tract 4.02, Suffolk County, Massachusetts",ma,150,00,ACSSF,0008020,,,,,25,025,,,,000402,2,,,,,,,,,,,,,,,,,,,,,,,,,,,,,,,,,,,,776,776,5247.147,0.14788987439324,0.1478899,0.1478899,0,776,146,358,204,68,776,630,13,0,119,0,14,0,266,8,15,23,23,29,36,45,60,88,97,116,165,182,193,227,266,258,251,243,243,237,230,221,206,178,169,149,101,84,73,38,88542,36648.4737827715,39115.4494382022,31411.9101123596,,266,120,146,1751,633,77,79,156,477,776,762,630,13,0,119,0,0,0,14,0,0,0,0,0,14,0,266,8,7,8,0,6,8,9,15,28,9,19,48,18,10,35,39
250250004023,15000US250250004023,"Block Group 3, Census Tract 4.02, Suffolk County, Massachusetts","Block Group 3, Census Tract 4.02, Suffolk County, Massachusetts",ma,150,00,ACSSF,0008021,,,,,25,025,,,,000402,3,,,,,,,,,,,,,,,,,,,,,,,,,,,,,,,,,,,,1522,1522,15066.76,0.101017070349361,0.1010171,0.1010171,0,1522,146,1036,272,68,1522,1251,46,0,194,0,21,10,527,55,75,86,95,95,95,98,102,102,108,193,260,305,341,407,527,471,452,441,432,432,432,429,425,425,419,334,266,221,186,119,98810,44268.5767790262,45922.3595505618,47442.893258427,,527,236,291,2492,1522,266,203,469,1053,1522,1458,1208,46,0,194,0,0,10,64,43,0,0,0,0,21,0,527,55,20,11,9,0,0,3,4,0,6,85,67,45,35,67,120
250250005021,15000US250250005021,"Block Group 1, Census Tract 5.02, Suffolk County, Massachusetts","Block Group 1, Census Tract 5.02, Suffolk County, Massachusetts",ma,150,00,ACSSF,0008022,,,,,25,025,,,,000502,1,,,,,,,,,,,,,,,,,,,,,,,,,,,,,,,,,,,,406,406,6099.533,0.0665624705597092,0.06656247,0.06656247,0,406,0,316,78,12,406,342,0,0,64,0,0,0,272,15,24,35,52,52,52,65,84,92,117,149,167,211,238,253,272,257,248,236,220,220,220,207,188,180,154,123,105,60,34,19,70049,61219.8501872659,57180.0374531835,73813.7546816479,,272,68,204,1970,406,64,33,97,309,406,389,325,0,0,64,0,0,0,17,17,0,0,0,0,0,0,272,15,9,12,17,0,0,13,20,8,25,32,18,45,26,15,19
250250005022,15000US250250005022,"Block Group 2, Census Tract 5.02, Suffolk County, Massachusetts","Block Group 2, Census Tract 5.02, Suffolk County, Massachusetts",ma,150,00,ACSSF,0008023,,,,,25,025,,,,000502,2,,,,,,,,,,,,,,,,,,,,,,,,,,,,,,,,,,,,1105,1105,8105.334,0.136329975274017,0.2654923,0.13633,0.1291624,1105,183,532,261,129,1105,992,35,0,38,0,40,0,588,121,174,217,252,258,270,277,279,288,311,388,470,498,498,523,588,466,414,370,336,330,318,311,309,300,277,199,117,90,90,65,52537,41599.8595505618,43434.2134831461,,,588,74,514,1899,1105,306,370,676,429,1105,1051,978,35,0,38,0,0,0,54,14,0,0,0,0,40,0,588,121,53,43,35,6,12,7,2,8,24,77,83,28,0,25,65
250250005023,15000US250250005023,"Block Group 3, Census Tract 5.02, Suffolk County, Massachusetts","Block Group 3, Census Tract 5.02, Suffolk County, Massachusetts",ma,150,00,ACSSF,0008024,,,,,25,025,,,,000502,3,,,,,,,,,,,,,,,,,,,,,,,,,,,,,,,,,,,,1231,1231,36505.86,0.0337206195549941,0.03372062,0.03372062,0,1231,21,888,253,69,1231,977,0,0,176,0,70,8,800,67,105,140,156,192,212,219,227,259,353,448,643,709,752,791,800,732,695,660,643,607,588,581,572,541,447,350,156,91,48,9,66158,44831.4606741573,44826.4794007491,25015.9550561798,73286.9850187266,800,196,604,1700,1231,334,129,463,768,1231,1117,933,0,0,176,0,0,8,114,44,0,0,0,0,70,0,800,67,38,35,16,36,20,7,8,31,95,95,195,65,43,40,9
250250005024,15000US250250005024,"Block Group 4, Census Tract 5.02, Suffolk County, Massachusetts","Block Group 4, Census Tract 5.02, Suffolk County, Massachusetts",ma,150,00,ACSSF,0008025,,,,,25,025,,,,000502,4,,,,,,,,,,,,,,,,,,,,,,,,,,,,,,,,,,,,1586,1586,16361.25,0.0969363564618832,0.09693636,0.09693636,0,1586,0,1586,0,0,1586,1223,149,0,115,41,14,44,0,0,0,0,0,0,0,0,0,0,0,0,0,0,0,0,0,0,0,0,0,0,0,0,0,0,0,0,0,0,0,0,,4782.02247191011,5283.88576779026,5120.74906367041,3917.77153558052,0,0,0,,0,0,0,0,0,1586,1530,1181,149,0,115,41,0,44,56,42,0,0,0,0,14,0,0,0,0,0,0,0,0,0,0,0,0,0,0,0,0,0,0
250250005031,15000US250250005031,"Block Group 1, Census Tract 5.03, Suffolk County, Massachusetts","Block Group 1, Census Tract 5.03, Suffolk County, Massachusetts",ma,150,00,ACSSF,0008026,,,,,25,025,,,,000503,1,,,,,,,,,,,,,,,,,,,,,,,,,,,,,,,,,,,,637,637,25927.56,0.0245684535990128,0.02456845,0.02456845,0,637,0,412,178,47,637,621,0,0,0,0,0,16,403,0,6,16,16,16,41,56,63,88,135,171,278,355,368,403,403,403,396,387,387,387,362,347,340,315,268,231,124,48,35,0,78397,51903.6235955056,50969.6348314607,,59465.1966292135,403,187,216,1232,637,23,52,75,562,637,567,567,0,0,0,0,0,0,70,54,0,0,0,0,0,16,403,0,6,10,0,0,25,15,7,25,48,36,107,77,13,35,0
250250005032,15000US250250005032,"Block Group 2, Census Tract 5.03, Suffolk County, Massachusetts","Block Group 2, Census Tract 5.03, Suffolk County, Massachusetts",ma,150,00,ACSSF,0008027,,,,,25,025,,,,000503,2,,,,,,,,,,,,,,,,,,,,,,,,,,,,,,,,,,,,1294,1294,44375.89,0.0291599806640031,0.02915998,0.02915998,0,1294,53,901,253,87,1294,1065,26,19,80,0,56,48,838,88,110,113,125,153,197,240,266,268,381,414,560,636,722,806,838,749,728,725,712,685,640,598,572,569,457,422,277,201,114,31,75438,52749.1947565543,53954.6629213483,89935.6460674157,20405.7865168539,838,225,613,1760,1294,154,152,306,988,1294,1192,1053,26,0,80,0,0,33,102,12,0,19,0,0,56,15,838,88,22,3,12,27,45,42,26,2,113,33,146,76,86,84,32
250250005041,15000US250250005041,"Block Group 1, Census Tract 5.04, Suffolk County, Massachusetts","Block Group 1, Census Tract 5.04, Suffolk County, Massachusetts",ma,150,00,ACSSF,0008028,,,,,25,025,,,,000504,1,,,,,,,,,,,,,,,,,,,,,,,,,,,,,,,,,,,,2352,2352,62592.75,0.0375762358744519,0.03757624,0.03757624,0,2352,30,1629,567,126,2352,1852,41,21,345,0,58,35,1364,70,138,241,339,430,491,529,578,687,786,869,1033,1207,1293,1343,1364,1294,1225,1122,1024,933,872,835,784,676,578,494,329,156,70,20,49511,38573.7359550562,40130.3838951311,30858.9887640449,38069.3820224719,1364,327,1037,1833,2352,505,352,857,1495,2352,2119,1658,41,21,345,0,29,25,233,194,0,0,0,0,29,10,1364,70,69,103,98,91,61,38,49,109,99,83,164,174,86,51,21
250250005042,15000US250250005042,"Block Group 2, Census Tract 5.04, Suffolk County, Massachusetts","Block Group 2, Census Tract 5.04, Suffolk County, Massachusetts",ma,150,00,ACSSF,0008029,,,,,25,025,,,,000504,2,,,,,,,,,,,,,,,,,,,,,,,,,,,,,,,,,,,,1271,1271,32447.93,0.0391704517549888,0.03917045,0.03917045,0,1271,31,676,302,262,1271,1063,18,0,127,0,14,49,721,54,105,184,275,293,297,323,361,371,418,486,559,657,665,706,721,666,615,536,446,428,424,397,359,350,303,234,161,64,56,15,47124,35790.4494382022,36442.9962546816,35329.6816479401,23189.0730337079,721,87,634,1655,1271,216,352,568,703,1271,1108,949,18,0,127,0,14,0,163,114,0,0,0,0,0,49,721,54,50,79,91,18,4,26,38,9,48,69,73,98,8,41,15
250250005043,15000US250250005043,"Block Group 3, Census Tract 5.04, Suffolk County, Massachusetts","Block Group 3, Census Tract 5.04, Suffolk County, Massachusetts",ma,150,00,ACSSF,0008030,,,,,25,025,,,,000504,3,,,,,,,,,,,,,,,,,,,,,,,,,,,,,,,,,,,,978,978,28996.05,0.0337287277006689,0.03372873,0.03372873,0,978,18,679,258,23,978,706,25,0,196,0,0,51,511,31,45,57,69,69,78,99,130,169,294,353,390,441,456,495,511,479,466,454,442,442,433,412,380,341,216,158,121,70,55,16,59785,39100.5056179775,33878.8857677903,58693.0992509363,,511,101,410,1526,978,236,245,481,497,978,954,706,25,0,196,0,0,27,24,0,0,0,0,0,0,24,511,31,14,12,12,0,9,21,31,38,126,59,36,52,14,40,16
250250005044,15000US250250005044,"Block Group 4, Census Tract 5.04, Suffolk County, Massachusetts","Block Group 4, Census Tract 5.04, Suffolk County, Massachusetts",ma,150,00,ACSSF,0008031,,,,,25,025,,,,000504,4,,,,,,,,,,,,,,,,,,,,,,,,,,,,,,,,,,,,752,752,41389.61,0.0181688100485408,0.01816881,0.01816881,0,752,0,364,60,328,752,603,49,24,53,0,0,23,487,96,133,159,180,203,273,324,339,339,365,441,476,476,476,476,487,390,353,328,306,284,213,163,148,148,121,45,11,11,11,11,33107,28444.3164794008,26098.1367041199,35589.9531835206,,487,32,455,1405,752,227,228,455,297,752,717,592,49,0,53,0,0,23,35,11,0,24,0,0,0,0,487,96,37,25,22,22,70,51,15,0,26,76,35,0,0,0,11
250250006011,15000US250250006011,"Block Group 1, Census Tract 6.01, Suffolk County, Massachusetts","Block Group 1, Census Tract 6.01, Suffolk County, Massachusetts",ma,150,00,ACSSF,0008032,,,,,25,025,,,,000601,1,,,,,,,,,,,,,,,,,,,,,,,,,,,,,,,,,,,,733,733,13129.33,0.0558292161971407,0.05582922,0.05582922,0,733,138,44,263,288,733,505,7,0,213,0,8,0,153,9,11,13,21,21,25,32,38,38,38,96,127,134,140,144,153,144,142,140,132,132,128,121,115,115,115,56,26,19,13,9,67175,20303.670411985,22812.9868913858,15064.6161048689,,153,40,113,1839,503,21,82,103,400,733,725,505,7,0,213,0,0,0,8,0,0,0,0,0,8,0,153,9,2,2,8,0,4,7,6,0,0,58,31,7,6,4,9
250250006012,15000US250250006012,"Block Group 2, Census Tract 6.01, Suffolk County, Massachusetts","Block Group 2, Census Tract 6.01, Suffolk County, Massachusetts",ma,150,00,ACSSF,0008033,,,,,25,025,,,,000601,2,,,,,,,,,,,,,,,,,,,,,,,,,,,,,,,,,,,,1380,1380,20440.26,0.0675138263188864,0.06751382,0.06751382,0,1380,54,916,271,139,1380,1160,0,0,178,0,30,12,637,32,49,72,110,126,147,181,218,233,255,327,396,435,471,522,637,605,588,564,527,511,490,455,419,404,382,310,240,201,165,114,73607,53020.6741573034,55965.8520599251,30619.8876404494,32895.0842696629,637,215,422,1819,1380,127,125,252,1128,1380,1328,1122,0,0,164,0,30,12,52,38,0,0,14,0,0,0,637,32,17,23,38,16,21,34,37,15,22,71,70,39,36,51,115
250250006013,15000US250250006013,"Block Group 3, Census Tract 6.01, Suffolk County, Massachusetts","Block Group 3, Census Tract 6.01, Suffolk County, Massachusetts",ma,150,00,ACSSF,0008034,,,,,25,025,,,,000601,3,,,,,,,,,,,,,,,,,,,,,,,,,,,,,,,,,,,,620,620,18418.43,0.0336619320243955,0.03366193,0.03366193,0,620,9,416,166,29,620,473,0,0,118,0,0,29,239,8,10,13,22,50,57,57,64,91,91,91,129,157,188,223,239,231,229,226,216,188,182,182,174,148,148,147,110,81,51,16,86705,42789.138576779,48559.9438202247,26501.6198501873,,239,110,129,1648,620,131,112,243,377,620,575,428,0,0,118,0,0,29,45,45,0,0,0,0,0,0,239,8,2,3,10,28,7,0,7,27,0,0,37,29,30,35,16
250250006014,15000US250250006014,"Block Group 4, Census Tract 6.01, Suffolk County, Massachusetts","Block Group 4, Census Tract 6.01, Suffolk County, Massachusetts",ma,150,00,ACSSF,0008035,,,,,25,025,,,,000601,4,,,,,,,,,,,,,,,,,,,,,,,,,,,,,,,,,,,,778,778,22793.46,0.0341325905757092,0.03413259,0.03413259,0,778,63,466,221,28,778,381,20,0,283,0,71,23,402,16,24,31,39,39,43,64,88,88,129,195,276,334,352,379,402,386,378,371,363,363,359,338,314,314,272,207,125,68,50,23,76535,45455.3651685393,60507.5280898876,36106.7602996255,30316.0299625468,402,174,228,1751,778,115,81,196,582,778,705,346,20,0,283,0,33,23,73,35,0,0,0,0,38,0,402,16,8,7,8,0,4,20,24,0,41,66,82,58,18,27,23
250250006021,15000US250250006021,"Block Group 1, Census Tract 6.02, Suffolk County, Massachusetts","Block Group 1, Census Tract 6.02, Suffolk County, Massachusetts",ma,150,00,ACSSF,0008036,,,,,25,025,,,,000602,1,,,,,,,,,,,,,,,,,,,,,,,,,,,,,,,,,,,,1583,1583,24829.98,0.0637535772366513,0.06375358,0.06375358,0,1583,128,1042,350,63,1583,1081,121,0,273,30,62,16,768,203,261,276,294,309,334,347,351,364,390,489,555,604,617,739,768,562,507,492,474,459,434,421,417,404,378,279,212,164,151,28,56818,35877.6217228464,42800.3464419476,33911.2640449438,4245.29026217229,768,227,541,1650,1583,501,319,820,763,1583,1508,1081,121,0,273,0,17,16,75,0,0,0,0,30,45,0,768,203,58,15,18,14,25,13,4,13,27,98,66,49,13,122,29
250250006022,15000US250250006022,"Block Group 2, Census Tract 6.02, Suffolk County, Massachusetts","Block Group 2, Census Tract 6.02, Suffolk County, Massachusetts",ma,150,00,ACSSF,0008037,,,,,25,025,,,,000602,2,,,,,,,,,,,,,,,,,,,,,,,,,,,,,,,,,,,,951,951,20161.57,0.0471689444120977,0.04716894,0.04716894,0,951,139,442,169,201,951,648,56,11,176,0,44,16,528,163,223,251,251,285,318,340,351,363,418,436,480,528,528,528,528,363,305,277,276,243,209,188,177,164,110,91,48,0,0,0,27287,21317.3595505618,27755.6554307116,8972.51872659176,11592.6685393258,528,38,490,1361,874,302,186,488,386,951,845,602,48,11,176,0,0,8,106,46,8,0,0,0,44,8,528,163,60,28,0,34,33,21,11,12,55,18,43,48,0,0,0
250250006023,15000US250250006023,"Block Group 3, Census Tract 6.02, Suffolk County, Massachusetts","Block Group 3, Census Tract 6.02, Suffolk County, Massachusetts",ma,150,00,ACSSF,0008038,,,,,25,025,,,,000602,3,,,,,,,,,,,,,,,,,,,,,,,,,,,,,,,,,,,,1497,1497,12407.52,0.120652682560691,0.1206527,0.1206527,0,1497,259,723,286,229,1497,702,283,34,344,0,0,134,808,198,305,397,423,423,454,473,488,542,573,591,692,720,746,808,808,607,502,411,385,385,353,335,319,266,235,216,115,87,62,0,20661,26202.7434456929,50004.5131086142,25736.9943820225,7601.42322097378,808,12,796,481,1497,645,106,751,746,1497,1149,394,283,34,344,0,0,94,348,308,0,0,0,0,0,40,808,198,106,92,26,0,31,19,15,54,31,18,101,28,26,62,0
250250007011,15000US250250007011,"Block Group 1, Census Tract 7.01, Suffolk County, Massachusetts","Block Group 1, Census Tract 7.01, Suffolk County, Massachusetts",ma,150,00,ACSSF,0008039,,,,,25,025,,,,000701,1,,,,,,,,,,,,,,,,,,,,,,,,,,,,,,,,,,,,1062,1062,83851.09,0.0126653096462223,0.01266531,0.01266531,0,1062,0,898,164,0,1062,920,49,0,51,0,24,18,521,59,98,141,164,178,201,252,305,305,310,347,417,446,486,501,521,461,422,380,357,343,319,268,216,216,211,174,103,75,34,20,40870,29533.9700374532,28831.6104868914,22006.0205992509,34464.1853932584,521,0,521,1665,1062,331,89,420,642,1062,983,885,29,0,51,0,0,18,79,35,20,0,0,0,24,0,521,59,39,43,23,14,24,51,53,0,5,37,71,28,41,15,20
250250007012,15000US250250007012,"Block Group 2, Census Tract 7.01, Suffolk County, Massachusetts","Block Group 2, Census Tract 7.01, Suffolk County, Massachusetts",ma,150,00,ACSSF,0008040,,,,,25,025,,,,000701,2,,,,,,,,,,,,,,,,,,,,,,,,,,,,,,,,,,,,674,674,53468.88,0.0126054638090987,0.01260546,0.01260546,0,674,114,221,320,19,674,432,71,0,171,0,0,0,308,66,82,82,82,113,120,120,120,121,157,158,237,297,306,308,308,242,226,226,225,195,188,188,188,187,151,150,70,11,2,0,55787,27003.4831460674,32953.6142322097,21956.2078651685,,308,21,287,1271,634,119,285,404,230,674,603,432,0,0,171,0,0,0,71,0,71,0,0,0,0,0,308,66,16,0,0,30,7,0,0,1,36,1,79,60,9,2,0
250250007013,15000US250250007013,"Block Group 3, Census Tract 7.01, Suffolk County, Massachusetts","Block Group 3, Census Tract 7.01, Suffolk County, Massachusetts",ma,150,00,ACSSF,0008041,,,,,25,025,,,,000701,3,,,,,,,,,,,,,,,,,,,,,,,,,,,,,,,,,,,,586,586,54483,0.0107556482887179,0.01075565,0.01075565,0,586,18,346,169,53,586,324,0,0,220,0,42,0,316,10,22,35,35,35,35,53,77,78,128,185,230,284,284,291,316,305,294,281,281,281,281,263,239,238,187,130,85,32,32,25,66582,46378.1460674157,45601.0674157303,49034.4101123596,,316,78,238,1656,586,71,55,126,460,586,586,324,0,0,220,0,42,0,0,0,0,0,0,0,0,0,316,10,11,13,0,0,0,18,24,1,51,57,45,54,0,7,25
250250007014,15000US250250007014,"Block Group 4, Census Tract 7.01, Suffolk County, Massachusetts","Block Group 4, Census Tract 7.01, Suffolk County, Massachusetts",ma,150,00,ACSSF,0008042,,,,,25,025,,,,000701,4,,,,,,,,,,,,,,,,,,,,,,,,,,,,,,,,,,,,623,623,29202.64,0.0213336895769401,0.02133369,0.02133369,0,623,0,483,116,24,623,592,13,0,18,0,0,0,345,38,61,81,81,81,81,81,86,106,148,189,268,268,275,332,345,306,283,264,264,264,264,264,258,239,197,155,77,77,70,13,65476,44975.9176029963,44789.1198501873,,,345,86,259,1403,623,114,137,251,372,623,623,592,13,0,18,0,0,0,0,0,0,0,0,0,0,0,345,38,23,20,0,0,0,0,5,19,42,41,79,0,7,56,13
250250007015,15000US250250007015,"Block Group 5, Census Tract 7.01, Suffolk County, Massachusetts","Block Group 5, Census Tract 7.01, Suffolk County, Massachusetts",ma,150,00,ACSSF,0008043,,,,,25,025,,,,000701,5,,,,,,,,,,,,,,,,,,,,,,,,,,,,,,,,,,,,1288,1288,40745.86,0.0316105711686695,0.03161057,0.03161057,0,1288,13,1084,164,27,1288,1015,32,0,123,0,46,72,604,74,99,109,110,154,173,197,225,236,236,265,381,432,492,557,604,529,505,495,494,450,431,407,379,368,368,338,222,172,112,46,80826,44000.8333333333,42357.0131086142,58670.6835205993,40168.9887640449,604,142,462,1892,1288,252,167,419,869,1288,1192,965,32,0,123,0,0,72,96,50,0,0,0,0,46,0,604,74,25,10,1,44,20,24,28,11,0,29,116,51,60,66,47
250250007031,15000US250250007031,"Block Group 1, Census Tract 7.03, Suffolk County, Massachusetts","Block Group 1, Census Tract 7.03, Suffolk County, Massachusetts",ma,150,00,ACSSF,0008044,,,,,25,025,,,,000703,1,,,,,,,,,,,,,,,,,,,,,,,,,,,,,,,,,,,,1109,1109,39356.23,0.0281785089351765,0.02817851,0.02817851,0,1109,31,968,93,17,1109,780,43,0,286,0,0,0,554,140,186,205,214,245,260,265,269,283,325,403,468,545,545,554,554,412,368,349,339,309,294,289,285,270,228,150,85,9,9,0,48256,26627.3970037453,30480.4119850187,18303.6891385768,22352.2191011236,554,0,554,1593,1109,479,180,659,450,1109,960,631,43,0,286,0,0,0,149,149,0,0,0,0,0,0,554,140,46,19,10,30,15,5,4,14,42,78,64,77,0,9,0
250250007032,15000US250250007032,"Block Group 2, Census Tract 7.03, Suffolk County, Massachusetts","Block Group 2, Census Tract 7.03, Suffolk County, Massachusetts",ma,150,00,ACSSF,0008045,,,,,25,025,,,,000703,2,,,,,,,,,,,,,,,,,,,,,,,,,,,,,,,,,,,,1756,1756,43298.8,0.0405554002566807,0.0405554,0.0405554,0,1756,0,1675,65,16,1756,1191,58,0,502,0,0,5,679,254,340,382,415,463,475,491,519,547,570,586,605,609,640,647,679,421,338,297,264,215,204,188,159,132,109,93,74,69,39,32,16310,16893.9887640449,18017.265917603,14989.8970037453,,679,19,660,1868,1756,1148,186,1334,422,1756,1650,1131,12,0,502,0,0,5,106,60,46,0,0,0,0,0,679,254,86,42,33,49,12,16,29,27,24,16,19,4,30,7,32
250250007041,15000US250250007041,"Block Group 1, Census Tract 7.04, Suffolk County, Massachusetts","Block Group 1, Census Tract 7.04, Suffolk County, Massachusetts",ma,150,00,ACSSF,0008046,,,,,25,025,,,,000704,1,,,,,,,,,,,,,,,,,,,,,,,,,,,,,,,,,,,,1346,1346,31752.65,0.0423901577922369,0.04239016,0.04239016,0,1346,15,956,314,61,1346,1000,61,0,256,0,29,0,643,53,92,136,154,161,184,197,207,244,306,338,420,513,558,592,643,590,550,507,489,482,459,446,435,398,336,305,221,130,84,50,63489,40157.7808988764,38745.5898876405,47479.0074906367,,643,224,419,1874,1346,374,114,488,858,1346,1317,1000,61,0,256,0,0,0,29,0,0,0,0,0,29,0,643,53,39,44,18,7,23,13,10,37,62,31,83,92,46,34,51
250250007042,15000US250250007042,"Block Group 2, Census Tract 7.04, Suffolk County, Massachusetts","Block Group 2, Census Tract 7.04, Suffolk County, Massachusetts",ma,150,00,ACSSF,0008047,,,,,25,025,,,,000704,2,,,,,,,,,,,,,,,,,,,,,,,,,,,,,,,,,,,,981,981,59840.75,0.0163935122479332,0.01639351,0.01639351,0,981,0,811,148,22,981,510,7,0,383,0,81,0,514,101,126,126,126,136,138,138,147,177,208,327,358,385,403,427,514,412,388,388,388,378,376,376,367,336,305,187,156,129,111,87,66840,53671.9756554307,63497.5374531835,45434.1947565543,,514,99,415,1411,981,147,62,209,772,981,900,510,7,0,383,0,0,0,81,0,0,0,0,0,81,0,514,101,25,0,0,10,2,0,9,31,31,119,31,27,18,24,87
250250007043,15000US250250007043,"Block Group 3, Census Tract 7.04, Suffolk County, Massachusetts","Block Group 3, Census Tract 7.04, Suffolk County, Massachusetts",ma,150,00,ACSSF,0008048,,,,,25,025,,,,000704,3,,,,,,,,,,,,,,,,,,,,,,,,,,,,,,,,,,,,1065,1065,70545.71,0.0150965950421392,0.01509659,0.01509659,0,1065,0,864,162,39,1065,859,10,0,135,0,61,0,640,70,99,121,142,142,180,238,301,357,456,494,576,602,614,622,640,569,541,518,498,498,460,401,338,282,184,145,64,38,26,18,47099,33577.5187265918,36816.5917602996,16541.563670412,31238.8108614232,640,15,625,1659,1065,280,143,423,642,1065,951,775,10,0,135,0,31,0,114,84,0,0,0,0,30,0,640,70,29,22,21,0,38,58,63,55,100,38,82,26,12,8,18
250250007044,15000US250250007044,"Block Group 4, Census Tract 7.04, Suffolk County, Massachusetts","Block Group 4, Census Tract 7.04, Suffolk County, Massachusetts",ma,150,00,ACSSF,0008049,,,,,25,025,,,,000704,4,,,,,,,,,,,,,,,,,,,,,,,,,,,,,,,,,,,,1287,1287,68824.63,0.0186997005391531,0.0186997,0.0186997,0,1287,187,661,428,11,1287,764,241,0,109,0,132,41,574,95,129,145,155,207,235,265,304,338,369,471,551,569,569,570,574,478,445,429,419,367,339,308,269,236,205,102,23,5,5,4,39985,21397.0599250936,31882.6404494382,18514.1479400749,9825.56179775281,574,17,557,1162,1287,427,322,749,538,1287,897,530,241,0,109,0,0,17,390,234,0,0,0,0,132,24,574,95,33,17,9,52,28,31,39,33,31,102,80,18,0,1,4
250250008021,15000US250250008021,"Block Group 1, Census Tract 8.02, Suffolk County, Massachusetts","Block Group 1, Census Tract 8.02, Suffolk County, Massachusetts",ma,150,00,ACSSF,0008050,,,,,25,025,,,,000802,1,,,,,,,,,,,,,,,,,,,,,,,,,,,,,,,,,,,,1718,1718,34543.63,0.0497342072627363,0.04973421,0.04973421,0,1718,66,1335,317,0,1718,1313,14,0,293,0,98,0,585,76,124,179,219,235,239,245,254,254,254,306,393,472,524,567,585,508,460,406,366,350,346,340,331,331,331,279,191,113,61,18,67729,25419.4382022472,24852.8183520599,24349.7097378277,,585,32,553,2098,1718,851,131,982,736,1718,1651,1246,14,0,293,0,98,0,67,67,0,0,0,0,0,0,585,76,48,55,40,16,4,6,9,0,0,52,87,79,52,43,18
250250008022,15000US250250008022,"Block Group 2, Census Tract 8.02, Suffolk County, Massachusetts","Block Group 2, Census Tract 8.02, Suffolk County, Massachusetts",ma,150,00,ACSSF,0008051,,,,,25,025,,,,000802,2,,,,,,,,,,,,,,,,,,,,,,,,,,,,,,,,,,,,1206,1206,12929.04,0.0932784244560207,0.09327842,0.09327842,0,1206,171,735,300,0,1206,697,204,0,176,0,80,49,547,81,126,163,163,182,210,225,231,252,280,316,334,368,382,472,547,465,421,384,384,365,336,322,316,295,267,231,213,179,165,75,55972,55125.2621722846,88863.4269662921,107947.93071161,23161.6760299625,547,104,443,1523,1206,284,260,544,662,1206,836,407,204,0,176,0,0,49,370,290,0,0,0,0,80,0,547,81,45,37,0,18,29,15,6,21,29,36,18,34,14,90,75
250250008023,15000US250250008023,"Block Group 3, Census Tract 8.02, Suffolk County, Massachusetts","Block Group 3, Census Tract 8.02, Suffolk County, Massachusetts",ma,150,00,ACSSF,0008052,,,,,25,025,,,,000802,3,,,,,,,,,,,,,,,,,,,,,,,,,,,,,,,,,,,,675,675,11261.91,0.0599365711346925,0.05993657,0.05993657,0,675,101,414,154,6,675,602,2,0,0,0,42,29,247,32,40,41,47,92,103,103,111,142,185,199,214,214,226,245,247,215,207,206,200,154,144,144,135,104,62,48,33,33,21,2,46139,22236.404494382,27352.1722846442,,9420.83333333333,247,28,219,1847,675,166,168,334,341,675,473,440,2,0,0,0,2,29,202,162,0,0,0,0,40,0,247,32,8,1,5,46,11,0,8,31,43,14,15,0,12,19,2
250250008024,15000US250250008024,"Block Group 4, Census Tract 8.02, Suffolk County, Massachusetts","Block Group 4, Census Tract 8.02, Suffolk County, Massachusetts",ma,150,00,ACSSF,0008053,,,,,25,025,,,,000802,4,,,,,,,,,,,,,,,,,,,,,,,,,,,,,,,,,,,,2158,2158,17480.21,0.123453853840249,0.1234539,0.1234539,0,2158,32,1468,540,118,2158,1089,69,13,464,0,494,29,742,66,92,110,126,150,171,180,213,332,400,462,500,514,616,668,742,675,650,632,615,591,571,562,527,410,341,279,242,226,125,73,59336,30492.8651685393,28139.2134831461,40588.6610486891,25546.4606741573,742,138,604,1944,2158,473,470,943,1215,2158,1699,1046,69,0,464,0,91,29,459,43,0,13,0,0,403,0,742,66,26,18,16,24,21,9,33,119,68,62,37,15,102,52,74
250250008025,15000US250250008025,"Block Group 5, Census Tract 8.02, Suffolk County, Massachusetts","Block Group 5, Census Tract 8.02, Suffolk County, Massachusetts",ma,150,00,ACSSF,0008054,,,,,25,025,,,,000802,5,,,,,,,,,,,,,,,,,,,,,,,,,,,,,,,,,,,,2385,2385,46762.72,0.051002166805406,0.05100217,0.05100217,0,2385,42,2074,182,87,2385,1751,143,0,427,0,34,30,878,188,260,334,474,569,610,621,627,648,687,710,802,826,860,870,878,688,618,542,403,307,268,257,251,230,190,167,76,51,18,8,22830,15862.8651685393,15165.4868913858,20885.234082397,12925.15917603,878,0,878,1933,1774,959,384,1343,431,2385,2194,1676,93,0,395,0,0,30,191,75,50,0,32,0,34,0,878,188,72,74,140,95,41,11,6,21,40,23,92,25,34,10,8
250250008031,15000US250250008031,"Block Group 1, Census Tract 8.03, Suffolk County, Massachusetts","Block Group 1, Census Tract 8.03, Suffolk County, Massachusetts",ma,150,00,ACSSF,0008055,,,,,25,025,,,,000803,1,,,,,,,,,,,,,,,,,,,,,,,,,,,,,,,,,,,,1381,1381,3648.7,0.378490942815179,0.378491,0.378491,0,1381,184,812,261,124,1381,615,98,0,441,0,227,0,696,114,168,221,277,352,379,413,457,475,530,588,618,663,669,670,696,581,527,474,418,343,317,283,239,220,166,108,77,33,27,26,29177,28340.9550561798,40175.2153558052,24298.6516853933,14092.0224719101,696,12,684,1936,1251,351,479,830,421,1381,1065,526,98,0,441,0,0,0,316,89,0,0,0,0,227,0,696,114,54,53,55,75,27,34,44,18,55,58,30,45,6,1,26
250250008032,15000US250250008032,"Block Group 2, Census Tract 8.03, Suffolk County, Massachusetts","Block Group 2, Census Tract 8.03, Suffolk County, Massachusetts",ma,150,00,ACSSF,0008056,,,,,25,025,,,,000803,2,,,,,,,,,,,,,,,,,,,,,,,,,,,,,,,,,,,,2052,2052,29873.73,0.0686891213395583,0.06868912,0.06868912,0,2052,117,1935,0,0,2052,1495,93,15,292,15,71,71,0,0,0,0,0,0,0,0,0,0,0,0,0,0,0,0,0,0,0,0,0,0,0,0,0,0,0,0,0,0,0,0,,2099.60674157303,2123.26779026217,1844.31647940075,2422.14419475655,0,0,0,,0,0,0,0,0,2052,1887,1409,93,15,292,15,7,56,165,86,0,0,0,0,64,15,0,0,0,0,0,0,0,0,0,0,0,0,0,0,0,0,0
250250101031,15000US250250101031,"Block Group 1, Census Tract 101.03, Suffolk County, Massachusetts","Block Group 1, Census Tract 101.03, Suffolk County, Massachusetts",ma,150,00,ACSSF,0008057,,,,,25,025,,,,010103,1,,,,,,,,,,,,,,,,,,,,,,,,,,,,,,,,,,,,1850,1850,47341.47,0.039077787232991,0.03907779,0.03907779,0,1850,23,1606,161,60,1850,1203,66,26,437,0,59,59,315,89,122,146,170,170,177,197,222,230,230,230,274,274,283,298,315,225,193,169,145,145,138,117,93,85,85,84,41,41,32,17,21422,10867.893258427,9957.56554307116,6718.4925093633,4149.40074906367,315,67,248,1722,415,121,115,236,179,1850,1771,1168,66,26,437,0,15,59,79,35,0,0,0,0,44,0,315,89,33,23,24,0,7,21,25,8,0,0,44,0,9,15,17
250250101032,15000US250250101032,"Block Group 2, Census Tract 101.03, Suffolk County, Massachusetts","Block Group 2, Census Tract 101.03, Suffolk County, Massachusetts",ma,150,00,ACSSF,0008058,,,,,25,025,,,,010103,2,,,,,,,,,,,,,,,,,,,,,,,,,,,,,,,,,,,,686,686,44920.28,0.01527149932741,0.0152715,0.0152715,0,686,0,671,15,0,686,534,0,0,142,0,0,10,19,7,9,11,19,19,19,19,19,19,19,19,19,19,19,19,19,12,10,8,0,0,0,0,0,0,0,0,0,0,0,0,18835,3341.18913857678,2841.81647940075,4453.25842696629,3611.42322097378,19,0,19,1127,30,30,0,30,0,686,654,510,0,0,134,0,0,10,32,24,0,0,8,0,0,0,19,7,2,2,8,0,0,0,0,0,0,0,0,0,0,0,0
250250101033,15000US250250101033,"Block Group 3, Census Tract 101.03, Suffolk County, Massachusetts","Block Group 3, Census Tract 101.03, Suffolk County, Massachusetts",ma,150,00,ACSSF,0008059,,,,,25,025,,,,010103,3,,,,,,,,,,,,,,,,,,,,,,,,,,,,,,,,,,,,1217,1217,23830.52,0.0510689624816794,0.05106896,0.05106896,0,1217,23,1194,0,0,1217,760,61,0,308,10,0,78,96,21,36,52,52,52,52,65,84,84,96,96,96,96,96,96,96,75,59,44,44,44,44,30,12,12,0,0,0,0,0,0,15087,5546.64794007491,4962.5936329588,4674.92509363296,5674.91573033708,96,0,96,1469,175,131,0,131,44,1217,1113,684,61,0,308,10,0,50,104,76,0,0,0,0,0,28,96,21,16,16,0,0,0,13,19,0,12,0,0,0,0,0,0
250259815011,15000US250259815011,"Block Group 1, Census Tract 9815.01, Suffolk County, Massachusetts","Block Group 1, Census Tract 9815.01, Suffolk County, Massachusetts",ma,150,00,ACSSF,0008637,,,,,25,025,,,,981501,1,,,,,,,,,,,,,,,,,,,,,,,,,,,,,,,,,,,,0,0,0,0.353452988971377,0.8085852,0.353453,0.4551322,0,0,0,0,0,0,0,0,0,0,0,0,0,0,0,0,0,0,0,0,0,0,0,0,0,0,0,0,0,0,0,0,0,0,0,0,0,0,0,0,0,0,0,0,0,,,,,,0,0,0,,0,0,0,0,0,0,0,0,0,0,0,0,0,0,0,0,0,0,0,0,0,0,0,0,0,0,0,0,0,0,0,0,0,0,0,0,0,0,0
